ticker,stock,holder_count
GOOG,ALPHABET INC-CL A,48
MSFT,MICROSOFT CORP,40
AMZN,AMAZONCOM INC,33
V,VISA INC-CLASS A SHARES,26
META,META PLATFORMS INC-CLASS A,25
AAPL,APPLE INC,21
UNH,UNITEDHEALTH GROUP INC,21
TSM,TAIWAN SEMICONDUCTOR-SP ADR,20
BRK.B,BERKSHIRE HATHAWAY INC CL-B,19
MA,MASTERCARD INC - A,18
COF,CAPITAL ONE FINANCIAL CORP,15
DIS,WALT DISNEY CO/THE,15
BRK.A,BERKSHIRE HATHAWAY INC CL-A,13
JPM,JPMORGAN CHASE & CO,13
MCO,MOODY'S CORP,13
WFC,WELLS FARGO & CO,13
BAC,BANK OF AMERICA CORP,12
AON,AON PLC-CLASS A,11
CRM,SALESFORCECOM INC,11
JNJ,JOHNSON & JOHNSON,11
ORCL,ORACLE CORP,11
ASML,ASML HOLDING NV-NY REG SHS,10
CMCSA,COMCAST CORP-CLASS A,10
PYPL,PAYPAL HOLDINGS INC,10
SCHW,SCHWAB (CHARLES) CORP,10
UBER,UBER TECHNOLOGIES INC,10
AVGO,BROADCOM INC,9
AXP,AMERICAN EXPRESS CO,9
C,CITIGROUP INC COM NEW,9
CSGP,COSTAR GROUP INC,9
EFX,EQUIFAX INC,9
INTU,INTUIT INC,9
NVDA,NVIDIA CORP,9
TMO,THERMO FISHER SCIENTIFIC INC,9
AMAT,APPLIED MATERIALS INC,8
BABA,ALIBABA GROUP HOLDING-SP ADR,8
BN,BROOKFIELD CORP,8
FISV,FISERV INC,8
GM,GENERAL MOTORS CO,8
PEP,PEPSICO INC,8
PGR,PROGRESSIVE CORP,8
SPGI,S&P GLOBAL INC,8
USB,US BANCORP,8
VZ,VERIZON COMMUNICATIONS INC,8
ADBE,ADOBE INC,7
ANTM,ANTHEM INC,7
BKNG,BOOKING HOLDINGS INC,7
BMY,BRISTOL-MYERS SQUIBB CO,7
CBRE,CBRE GROUP INC - A,7
COP,CONOCOPHILLIPS,7
CPRT,COPART INC,7
CVX,CHEVRON CORP,7
DHR,DANAHER CORP,7
FDX,FEDEX CORP,7
FERG,FERGUSON ENTERPRISES INC,7
FICO,FAIR ISAAC CORP,7
ICE,INTERCONTINENTAL EXCHANGE IN,7
LYV,LIVE NATION ENTERTAINMENT IN,7
MEDP,MEDPACE HOLDINGS INC,7
OXY,OCCIDENTAL PETROLEUM CORP,7
WLTW,WILLIS TOWERS WATSON PLC,7
ALLY,ALLY FINANCIAL INC,6
BK,BANK OF NEW YORK MELLON CORP,6
CSCO,CISCO SYSTEMS INC,6
CVNA,CARVANA CO,6
CVS,CVS HEALTH CORP,6
FWONK,LIBERTY MEDIA CORP-LIB-NEW-C,6
GE,GENERAL ELECTRIC CO,6
GS,GOLDMAN SACHS GROUP INC,6
IBKR,INTERACTIVE BROKERS GRO-CL A,6
KHC,KRAFT HEINZ CO/THE,6
KO,COCA-COLA CO/THE,6
MHK,MOHAWK INDUSTRIES INC,6
MSCI,MSCI INC,6
NKE,NIKE INC -CL B,6
PDD,PINDUODUO INC-ADR,6
PFE,PFIZER INC,6
PG,PROCTER & GAMBLE CO/THE,6
PM,PHILIP MORRIS INTERNATIONAL,6
RTX,RAYTHEON TECHNOLOGIES CORP,6
UNP,UNION PACIFIC CORP,6
WBD,WARNER BROS DISCOVERY INC,6
ZBH,ZIMMER BIOMET HOLDINGS INC,6
ABBV,ABBVIE INC,5
ABT,ABBOTT LABORATORIES,5
ADI,ANALOG DEVICES INC,5
APG,API GROUP CORP,5
APH,AMPHENOL CORP-CL A,5
BAX,BAXTER INTERNATIONAL INC,5
CB,CHUBB LTD,5
CHTR,CHARTER COMMUNICATIONS INC-A,5
CI,CIGNA CORP,5
CP,CANADIAN PACIFIC KANSAS CITY,5
DE,DEERE & CO,5
FIS,FIDELITY NATIONAL INFO SERV,5
GEHCV,GE HEALTHCARE INC-W/I,5
GSK,GSK PLC-SPON ADR,5
ICLR,ICON PLC,5
IQV,IQVIA HOLDINGS INC,5
JLL,JONES LANG LASALLE INC,5
LEN,LENNAR CORP-A,5
LEN.B,LENNAR CORP - B SHS,5
LPLA,LPL FINANCIAL HOLDINGS INC,5
LULU,LULULEMON ATHLETICA INC,5
MDT,MEDTRONIC PLC,5
MELI,MERCADOLIBRE INC,5
MIDD,MIDDLEBY CORP,5
MKL,MARKEL CORP,5
MRK,MERCK & CO INC,5
NFLX,NETFLIX INC,5
PNC,PNC FINANCIAL SERVICES GROUP,5
SPOT,SPOTIFY TECHNOLOGY SA,5
SPY,SPDR S&P 500 ETF TRUST,5
STLA,STELLANTIS NV,5
TDG,TRANSDIGM GROUP INC,5
TRU,TRANSUNION,5
TXN,TEXAS INSTRUMENTS INC,5
VMC,VULCAN MATERIALS CO,5
WDAY,WORKDAY INC-CLASS A,5
ZTS,ZOETIS INC,5
ABNB,AIRBNB INC-CLASS A,4
ACN,ACCENTURE PLC-CL A,4
AVTR,AVANTOR INC,4
B,BARRICK MINING CORP,4
BA,BOEING CO/THE,4
BDX,BECTON DICKINSON AND CO,4
BSX,BOSTON SCIENTIFIC CORP,4
BUD,ANHEUSER-BUSCH INBEV-SPN ADR,4
CIGI,COLLIERS INTERNATIONAL GROUP,4
CME,CME GROUP INC,4
CNI,CANADIAN NATL RAILWAY CO,4
CNSWF,CONSTELLATION SOFTWARE INC,4
COST,COSTCO WHOLESALE CORP,4
CPNG,COUPANG INC,4
CRH,CRH PLC,4
CRS,CARPENTER TECHNOLOGY,4
CSX,CSX CORP,4
CTSH,COGNIZANT TECH SOLUTIONS-A,4
DASH,DOORDASH INC - A,4
DB,DEUTSCHE BANK AG-REGISTERED,4
DEO,DIAGEO PLC-SPONSORED ADR,4
EBAY,EBAY INC,4
ECL,ECOLAB INC,4
EL,ESTEE LAUDER COMPANIES-CL A,4
G,GENPACT LTD,4
GEV,GE VERNOVA INC,4
HEI.A,HEICO CORP INC CL A,4
HLT,HILTON WORLDWIDE HOLDINGS IN,4
IBM,INTL BUSINESS MACHINES CORP,4
IDXX,IDEXX LABORATORIES INC,4
IFF,INTL FLAVORS & FRAGRANCES,4
ISRG,INTUITIVE SURGICAL INC,4
KKR,KKR & CO INC,4
KMX,CARMAX INC,4
KVUE,KENVUE INC,4
LFUS,LITTELFUSE INC,4
LHX,L3HARRIS TECHNOLOGIES INC,4
LLY,ELI LILLY & CO,4
LOW,LOWE'S COS INC,4
MCD,MCDONALD'S CORP,4
MICC,MAGNUM ICE CREAM CO NV/THE,4
MMC,MARSH & MCLENNAN COS,4
MOH,MOLINA HEALTHCARE INC,4
NU,NU HOLDINGS LTD/CAYMAN ISL-A,4
NVS,NOVARTIS AG-SPONSORED ADR,4
PAYC,PAYCOM SOFTWARE INC,4
PCOR,PROCORE TECHNOLOGIES INC,4
QCOM,QUALCOMM INC,4
QSR,RESTAURANT BRANDS INTERN,4
REGN,REGENERON PHARMACEUTICALS,4
SAP,SAP SE-SPONSORED ADR,4
SHW,SHERWIN-WILLIAMS CO/THE,4
SLB,SCHLUMBERGER LTD,4
TAP,MOLSON COORS BEVERAGE CO - B,4
TLN,TALEN ENERGY CORP,4
TRV,TRAVELERS COS INC/THE,4
TSN,TYSON FOODS INC-CL A,4
UHAL.B,U-HAUL HOLDING CO-NON VOTING,4
UPS,UNITED PARCEL SERVICE-CL B,4
VEEV,VEEVA SYSTEMS INC-CLASS A,4
VRSK,VERISK ANALYTICS INC,4
WMT,WALMART INC,4
XOM,EXXON MOBIL CORP,4
ABM,ABM INDUSTRIES INC,3
ADP,AUTOMATIC DATA PROCESSING,3
ADS,ALLIANCE DATA SYSTEMS CORP,3
AEP,AMERICAN ELECTRIC POWER,3
AER,AERCAP HOLDINGS NV,3
AFRM,AFFIRM HOLDINGS INC,3
AGCO,AGCO CORP,3
AJG,ARTHUR J GALLAGHER & CO,3
ALGN,ALIGN TECHNOLOGY INC,3
AMD,ADVANCED MICRO DEVICES,3
APD,AIR PRODUCTS & CHEMICALS INC,3
APP,APPLOVIN CORP-CLASS A,3
APTV,APTIV PLC,3
ARW,ARROW ELECTRONICS INC,3
ASHTF,ASHTEAD GROUP PLC,3
AXTA,AXALTA COATING SYSTEMS LTD,3
BF.B,BROWN-FORMAN CORP-CLASS B,3
BIO,BIO-RAD LABORATORIES-A,3
BLDR,BUILDERS FIRSTSOURCE INC,3
BP,BP PLC-SPONS ADR,3
BRO,BROWN & BROWN INC,3
BWA,BORGWARNER INC,3
CACC,CREDIT ACCEPTANCE CORP,3
CE,CELANESE CORP,3
CGNX,COGNEX CORP,3
CL,COLGATE-PALMOLIVE CO,3
CLX,CLOROX COMPANY,3
CMI,CUMMINS INC,3
CNC,CENTENE CORP,3
CNHI,CNH INDUSTRIAL NV,3
COG,CABOT OIL & GAS CORP,3
CROX,CROCS INC,3
DG,DOLLAR GENERAL CORP,3
DHI,DR HORTON INC,3
DVN,DEVON ENERGY CORP,3
ENTG,ENTEGRIS INC,3
EPD,ENTERPRISE PRODUCTS PARTNERS,3
ET,ENERGY TRANSFER LP,3
EWY,ISHARES MSCI SOUTH KOREA ETF,3
FIG,FIGMA INC-CL A,3
FLUT,FLUTTER ENTERTAINMENT PLC-DI,3
FND,FLOOR & DECOR HOLDINGS INC-A,3
FOUR,SHIFT4 PAYMENTS INC-CLASS A,3
FOX,FOX CORP - CLASS B,3
FOXA,FOX CORP - CLASS A,3
FTV,FORTIVE CORP,3
GGG,GRACO INC,3
GLD,SPDR GOLD SHARES,3
GNRC,GENERAC HOLDINGS INC,3
GNTX,GENTEX CORP,3
HD,HOME DEPOT INC,3
HDB,HDFC BANK LTD-ADR,3
HHH,HOWARD HUGHES HOLDINGS INC,3
HLN,HALEON,3
HRL,HORMEL FOODS CORP,3
HUM,HUMANA INC,3
IT,GARTNER INC,3
ITRN,ITURAN LOCATION AND CONTROL,3
IWD,ISHARES RUSSELL 1000 VALUE E,3
JCI,JOHNSON CONTROLS INTERNATION,3
KEYS,KEYSIGHT TECHNOLOGIES IN,3
LAD,LITHIA MOTORS INC,3
LAMR,LAMAR ADVERTISING CO-A NEW,3
LBTYA,LIBERTY GLOBAL LTD-A,3
LH,LABCORP HOLDINGS INC,3
LILA,LIBERTY LATIN AMERIC-CL A,3
LILAK,LIBERTY LATIN AMERIC-CL C,3
LIN,LINDE PLC,3
LMT,LOCKHEED MARTIN CORP,3
LPX,LOUISIANA-PACIFIC CORP,3
LRCX,LAM RESEARCH CORP,3
LYB,LYONDELLBASELL INDU-CL A,3
MAR,MARRIOTT INTERNATIONAL -CL A,3
MCHP,MICROCHIP TECHNOLOGY INC,3
MDLN,MEDLINE INC-CL A,3
MLM,MARTIN MARIETTA MATERIALS,3
MNDY,MONDAYCOM LTD,3
MRP,MILLROSE PROPERTIES,3
MS,MORGAN STANLEY,3
MSGS,MADISON SQUARE GARDEN SPORTS,3
MSI,MOTOROLA SOLUTIONS INC,3
NEM,NEWMONT CORP,3
NVO,NOVO-NORDISK A/S-SPONS ADR,3
NWSA,NEWS CORP - CLASS A,3
ODFL,OLD DOMINION FREIGHT LINE,3
OLN,OLIN CORP,3
OMC,OMNICOM GROUP,3
PHM,PULTEGROUP INC,3
POOL,POOL CORP,3
PSX,PHILLIPS 66,3
RACE,FERRARI NV,3
RAL,RALLIANT CORP,3
RE,EVEREST RE GROUP LTD,3
REZI,RESIDEO TECHNOLOGIES INC,3
RKT,ROCKET COS INC-CLASS A,3
ROIV,ROIVANT SCIENCES LTD,3
SATS,ECHOSTAR CORP-A,3
SE,SEA LTD-ADR,3
SGOV,ISHARES 0-3 MONTH TREASURY B,3
SIRI,SIRIUS XM HOLDINGS INC,3
SOLV,SOLVENTUM CORP,3
SSNC,SS&C TECHNOLOGIES HOLDINGS,3
STZ,CONSTELLATION BRANDS INC-A,3
SWK,STANLEY BLACK & DECKER INC,3
SYF,SYNCHRONY FINANCIAL,3
SYK,STRYKER CORP,3
SYY,SYSCO CORP,3
TBN,TAMBORAN RESOURCES CORP,3
TECH,BIO-TECHNE CORP,3
TME,TENCENT MUSIC ENTERTAINM-ADR,3
TMHC,TAYLOR MORRISON HOME CORP,3
TNC,TENNANT CO,3
TPX,TEMPUR SEALY INTERNATIONAL I,3
TROW,T ROWE PRICE GROUP INC,3
TSLA,TESLA INC,3
UL,UNILEVER PLC-SPONSORED ADR,3
URI,UNITED RENTALS INC,3
VOO,VANGUARD S&P 500 ETF,3
VST,VISTRA CORP,3
WAT,WATERS CORP,3
WCC,WESCO INTERNATIONAL INC,3
WFRD,WEATHERFORD INTERNATIONAL PL,3
WM,WASTE MANAGEMENT INC,3
WRB,WR BERKLEY CORP,3
WST,WEST PHARMACEUTICAL SERVICES,3
YETI,YETI HOLDINGS INC,3
A,AGILENT TECHNOLOGIES INC,2
ACI,ALBERTSONS COS INC - CLASS A,2
ACWI,ISHARES MSCI ACWI ETF,2
ADM,ARCHER-DANIELS-MIDLAND CO,2
ADPT,ADAPTIVE BIOTECHNOLOGIES,2
ADSK,AUTODESK INC,2
ADT,ADT INC,2
AERO,GRUPO AEROMEXICO SAB DE CV,2
AGO,ASSURED GUARANTY LTD,2
AKAM,AKAMAI TECHNOLOGIES INC,2
ALC,ALCON INC,2
ALK,ALASKA AIR GROUP INC,2
AM,ANTERO MIDSTREAM CORP,2
AME,AMETEK INC,2
AMGN,AMGEN INC,2
AMT,AMERICAN TOWER CORP,2
AN,AUTONATION INC,2
ANET,ARISTA NETWORKS INC,2
APA,APA CORP,2
AR,ANTERO RESOURCES CORP,2
ARES,ARES MANAGEMENT CORP - A,2
ARLP,ALLIANCE RESOURCE PARTNERS,2
ATS,ATS CORP,2
AU,ANGLOGOLD ASHANTI PLC,2
AUR,AURORA INNOVATION INC,2
AWI,ARMSTRONG WORLD INDUSTRIES,2
AXL,AMERICAN AXLE & MFG HOLDINGS,2
AYI,ACUITY BRANDS INC,2
AZN,ASTRAZENECA PLC-SPONS ADR,2
AZO,AUTOZONE INC,2
BAH,BOOZ ALLEN HAMILTON HOLDINGS,2
BATRK,ATLANTA BRAVES HOLDINGS IN-C,2
BBIO,BRIDGEBIO PHARMA INC,2
BCC,BOISE CASCADE CO,2
BF.A,BROWN-FORMAN CORP-CLASS A,2
BHC,BAUSCH HEALTH COS INC,2
BIIB,BIOGEN INC,2
BIL,SPDR BLOOMBERG 1-3 MONTH T-B,2
BLCO,BAUSCH + LOMB CORP,2
BLK,BLACKROCK INC,2
BMRN,BIOMARIN PHARMACEUTICAL INC,2
BTG,B2GOLD CORP,2
BX,BLACKSTONE INC,2
BZH,BEAZER HOMES USA INC,2
CARR,CARRIER GLOBAL CORP,2
CASY,CASEY'S GENERAL STORES INC,2
CAT,CATERPILLAR INC,2
CBL,CBL & ASSOCIATES PROPERTIES,2
CCCS,CCC INTELLIGENT SOLUTIONS HO,2
CCK,CROWN HOLDINGS INC,2
CCL,CARNIVAL CORP,2
CDNS,CADENCE DESIGN SYS INC,2
CEG,CONSTELLATION ENERGY,2
CFG,CITIZENS FINANCIAL GROUP,2
CG,CARLYLE GROUP INC/THE,2
CGAU,CENTERRA GOLD INC,2
CHD,CHURCH & DWIGHT CO INC,2
CHK,CHESAPEAKE ENERGY CORP,2
CLB,CORE LABORATORIES INC,2
CLF,CLEVELAND-CLIFFS INC,2
CLH,CLEAN HARBORS INC,2
CLS,CELESTICA INC,2
CPB,CAMPBELL SOUP CO,2
CPRI,CAPRI HOLDINGS LTD,2
CRBG,COREBRIDGE FINANCIAL INC,2
CRDO,CREDO TECHNOLOGY GROUP HOLDI,2
CRL,CHARLES RIVER LABORATORIES,2
CTVA,CORTEVA INC,2
DAL,DELTA AIR LINES INC,2
DECK,DECKERS OUTDOOR CORP,2
DINO,HF SINCLAIR CORP,2
DOV,DOVER CORP,2
ECPG,ENCORE CAPITAL GROUP INC,2
EMBC,EMBECTA CORP,2
EMR,EMERSON ELECTRIC CO,2
EOG,EOG RESOURCES INC,2
EQT,EQT CORP,2
EQX,EQUINOX GOLD CORP,2
ERFSF,EUROFINS SCIENTIFIC,2
ERJ,EMBRAER SA-SPON ADR,2
FANG,DIAMONDBACK ENERGY INC,2
FAST,FASTENAL CO,2
FBHS,FORTUNE BRANDS HOME & SECURI,2
FCNCA,FIRST CITIZENS BCSHS -CL A,2
FDS,FACTSET RESEARCH SYSTEMS INC,2
FG,F&G ANNUITIES & LIFE INC,2
FGXXX,FIRST AM GOV OBLIG-X,2
FIGR,FIGURE TECHNOLOGY SOLUT-CL A,2
FIGS,FIGS INC-CLASS A,2
FIVE,FIVE BELOW,2
FIX,COMFORT SYSTEMS USA INC,2
FLEX,FLEX LTD,2
FLG,FLAGSTAR FINANCIAL INC,2
FNF,FIDELITY NATIONAL FINANCIAL,2
FRFHF,FAIRFAX FINANCIAL HLDGS LTD,2
FSV,FIRSTSERVICE CORP,2
FTAI,FTAI AVIATION LTD,2
FTI,TECHNIPFMC PLC,2
FWONA,LIBERTY MEDIA CORP-LIB-NEW-A,2
GD,GENERAL DYNAMICS CORP,2
GGB,GERDAU SA -SPON ADR,2
GHM,GRAHAM CORP,2
GIL,GILDAN ACTIVEWEAR INC,2
GLOB,GLOBANT SA,2
GLW,CORNING INC,2
GNW,GENWORTH FINANCIAL INC-CL A,2
GPC,GENUINE PARTS CO,2
GPK,GRAPHIC PACKAGING HOLDING CO,2
GPN,GLOBAL PAYMENTS INC,2
GRAB,GRAB HOLDINGS LTD - CL A,2
GRAL,GRAIL INC,2
GRBK,GREEN BRICK PARTNERS INC,2
GSHD,GOOSEHEAD INSURANCE INC -A,2
GTX,GARRETT MOTION INC,2
HCA,HCA HEALTHCARE INC,2
HCC,WARRIOR MET COAL INC,2
HCI,HCI GROUP INC,2
HLF,HERBALIFE NUTRITION LTD,2
HP,HELMERICH & PAYNE,2
HSIC,HENRY SCHEIN INC,2
HTZWW,HERTZ GLOBAL HLDGS INC -CW51,2
IBN,ICICI BANK LTD-SPON ADR,2
IEX,IDEX CORP,2
INCY,INCYTE CORP,2
INFY,INFOSYS LTD-SP ADR,2
INMD,INMODE LTD,2
IR,INGERSOLL-RAND INC,2
ITUB,ITAU UNIBANCO H-SPON PRF ADR,2
IVZ,INVESCO LTD,2
IWF,ISHARES RUSSELL 1000 GROWTH,2
JD,JDCOM INC-ADR,2
JEF,JEFFERIES FINANCIAL GROUP IN,2
JELD,JELD-WEN HOLDING INC,2
JXN,JACKSON FINANCIAL INC-A,2
KD,KYNDRYL HOLDINGS INC,2
KNSL,KINSALE CAPITAL GROUP INC,2
KOF,COCA-COLA FEMSA SAB-SP ADR,2
KR,KROGER CO,2
KWEB,KRANESHARES CSI CHINA INTERN,2
LBRDA,LIBERTY BROADBAND-A,2
LBRDK,LIBERTY BROADBAND-C,2
LEVI,LEVI STRAUSS & CO- CLASS A,2
LLYVA,LIBERTY LIVE HOLDINGS-A,2
LLYVK,LIBERTY LIVE HOLDINGS-C,2
LUV,SOUTHWEST AIRLINES CO,2
LYFT,LYFT INC-A,2
MANH,MANHATTAN ASSOCIATES INC,2
MANU,MANCHESTER UNITED PLC-CL A,2
MAT,MATTEL INC,2
MBI,MBIA INC,2
MDLZ,MONDELEZ INTERNATIONAL INC-A,2
MGA,MAGNA INTERNATIONAL INC,2
MGM,MGM RESORTS INTERNATIONAL,2
MLHR,HERMAN MILLER INC,2
MMYT,MAKEMYTRIP LTD,2
MO,ALTRIA GROUP INC,2
MOS,MOSAIC CO/THE,2
MPLX,MPLX LP,2
MSGE,MADISON SQUARE GARDEN ENTERT,2
MTZ,MASTEC INC,2
MU,MICRON TECHNOLOGY INC,2
MX,MAGNACHIP SEMICONDUCTOR CORP,2
NAMS,NEWAMSTERDAM PHARMA CO NV,2
NAVI,NAVIENT CORP,2
NEE,NEXTERA ENERGY INC,2
NMIH,NMI HOLDINGS INC-CLASS A,2
NOV,NOV INC,2
NOW,SERVICENOW INC,2
NRG,NRG ENERGY INC,2
NRP,NATURAL RESOURCE PARTNERS LP,2
NSC,NORFOLK SOUTHERN CORP,2
NSSC,NAPCO SECURITY TECHNOLOGIES,2
NTRS,NORTHERN TRUST CORP,2
NUE,NUCOR CORP,2
NUVB,NUVATION BIO INC,2
NVR,NVR INC,2
NVST,ENVISTA HOLDINGS CORP,2
NVT,NVENT ELECTRIC PLC,2
NWS,NEWS CORP - CLASS B,2
NYT,NEW YORK TIMES CO-A,2
OC,OWENS CORNING,2
ODD,ODDITY TECH LTD-CL A,2
OMF,ONEMAIN HOLDINGS INC,2
ON,ON SEMICONDUCTOR CORP,2
ONON,ON HOLDING AG-CLASS A,2
OPY,OPPENHEIMER HOLDINGS-CL A,2
ORLY,O'REILLY AUTOMOTIVE INC,2
OSK,OSHKOSH CORP,2
OTIS,OTIS WORLDWIDE CORP,2
OZK,BANK OZK,2
PB,PROSPERITY BANCSHARES INC,2
PBH,PRESTIGE CONSUMER HEALTHCARE,2
PCG,P G & E CORP,2
PEG,PUBLIC SERVICE ENTERPRISE GP,2
PENN,PENN NATIONAL GAMING INC,2
PGNY,PROGYNY INC,2
PK,PARK HOTELS & RESORTS INC,2
PLD,PROLOGIS INC,2
PRLB,PROTO LABS INC,2
PTON,PELOTON INTERACTIVE INC-A,2
RBC,RBC BEARINGS INC,2
RBLX,ROBLOX CORP -CLASS A,2
RHHBY,ROCHE HOLDINGS LTD-SPONS ADR,2
RNR,RENAISSANCERE HOLDINGS LTD,2
ROST,ROSS STORES INC,2
RPRX,ROYALTY PHARMA PLC- CL A,2
RYAAY,RYANAIR HOLDINGS PLC-SP ADR,2
RYAN,RYAN SPECIALTY HOLDINGS INC,2
RYCEF,ROLLS-ROYCE HOLDINGS PLC,2
RYN,RAYONIER INC,2
SBUX,STARBUCKS CORP,2
SD,SANDRIDGE ENERGY INC,2
SEE,SEALED AIR CORP,2
SEG,SEAPORT ENTERTAINMENT GROUP,2
SHEL,SHELL PLC-ADR,2
SHG,SHINHAN FINANCIAL GROUP-ADR,2
SHOP,SHOPIFY INC - CLASS A,2
SION,SIONNA THERAPEUTICS INC,2
SLM,SLM CORP,2
SN,SHARKNINJA INC,2
SNA,SNAP-ON INC,2
SNEX,STONEX GROUP INC,2
SNX,SYNNEX CORP,2
SNY,SANOFI-ADR,2
SOPH,SOPHIA GENETICS SA,2
SPNT,SIRIUSPOINT LTD,2
SQ,SQUARE INC - A,2
SSD,SIMPSON MANUFACTURING CO INC,2
ST,SENSATA TECHNOLOGIES HOLDING,2
STT,STATE STREET CORP,2
SUI,SUN COMMUNITIES INC,2
SWIM,LATHAM GROUP INC,2
TCOM,TRIPCOM GROUP LTD-ADR,2
TDS,TELEPHONE AND DATA SYSTEMS,2
TDW,TIDEWATER INC,2
TDY,TELEDYNE TECHNOLOGIES INC,2
TEL,TE CONNECTIVITY PLC,2
TEM,TEMPUS AI INC,2
TEVA,TEVA PHARMACEUTICAL-SP ADR,2
TFC,TRUIST FINANCIAL CORP,2
TGT,TARGET CORP,2
TIC,ACUREN CORPORATION,2
TIGO,MILLICOM INTL CELLULAR SA,2
TJX,TJX COMPANIES INC,2
TKO,TKO GROUP HOLDINGS INC,2
TKR,TIMKEN CO,2
TMUS,T-MOBILE US INC,2
TOST,TOAST INC-CLASS A,2
TPC,TUTOR PERINI CORP,2
TRMD,TORM PLC-A,2
TSCO,TRACTOR SUPPLY COMPANY,2
TTC,TORO CO,2
TTWO,TAKE-TWO INTERACTIVE SOFTWRE,2
TW,TRADEWEB MARKETS INC-CLASS A,2
TWLO,TWILIO INC - A,2
TX,TERNIUM SA-SPONSORED ADR,2
UHAL,AMERCO,2
ULS,UL SOLUTIONS INC - CLASS A,2
UMGNF,UNIVERSAL MUSIC GROUP NV,2
UNF,UNIFIRST CORP/MA,2
UNM,UNUM GROUP,2
UPWK,UPWORK INC,2
VAL,VALARIS LTD,2
VALE,VALE SA-SP ADR,2
VFC,VF CORP,2
VNT,VONTIER CORP,2
VRSN,VERISIGN INC,2
VSEC,VSE CORP,2
VTI,VANGUARD TOTAL STOCK MKT ETF,2
VTRSV,VIATRIS INC-W/I,2
W,WAYFAIR INC- CLASS A,2
WAL,WESTERN ALLIANCE BANCORP,2
WFG,WEST FRASER TIMBER CO LTD,2
WHR,WHIRLPOOL CORP,2
WIX,WIXCOM LTD,2
WRBY,WARBY PARKER INC-CLASS A,2
YOU,CLEAR SECURE INC -CLASS A,2
YUM,YUM! BRANDS INC,2
YUMC,YUM CHINA HOLDINGS INC,2
Z,ZILLOW GROUP INC - C,2
ZG,ZILLOW GROUP INC - A,2
005930,SAMSUNG ELECTRONICS CO LTD,1
2318,PING AN INSURANCE GROUP CO H,1
AA,ALCOA CORP,1
AAL,AMERICAN AIRLINES GROUP INC,1
AAP,ADVANCE AUTO PARTS INC,1
ABCL,ABCELLERA BIOLOGICS INC,1
ABG,ASBURY AUTOMOTIVE GROUP,1
ACHC,ACADIA HEALTHCARE CO INC,1
ACWX,ISHARES MSCI ACWI EX US ETF,1
ADMA,ADMA BIOLOGICS INC,1
AEBI,AEBI SCHMIDT HOLDING AG,1
AEG,AEGON LTD-NY REG SHR,1
AEHR,AEHR TEST SYSTEMS,1
AEM,AGNICO EAGLE MINES LTD,1
AES,AES CORP,1
AFL,AFLAC INC,1
AFLYY,AIR FRANCE-KLM-ADR,1
AGPXX,INVESCO GVT & AGNCY-INST,1
AGX,ARGAN INC,1
AKBLF,ALK-ABELLO A/S,1
ALB,ALBEMARLE CORP,1
ALG,ALAMO GROUP INC,1
ALGT,ALLEGIANT TRAVEL CO,1
ALL,ALLSTATE CORP,1
ALLE,ALLEGION PLC,1
ALNY,ALNYLAM PHARMACEUTICALS INC,1
ALRM,ALARMCOM HOLDINGS INC,1
ALSN,ALLISON TRANSMISSION HOLDING,1
ALV,AUTOLIV INC,1
ALVO,ALVOTECH SA,1
ALVOW,ALVOTECH SA -27,1
AMBC,AMBAC FINANCIAL GROUP INC,1
AMG,AFFILIATED MANAGERS GROUP,1
AMH,AMERICAN HOMES 4 RENT- A,1
AMLP,ALERIAN MLP ETF,1
AMN,AMN HEALTHCARE SERVICES INC,1
AMPX,AMPRIUS TECHNOLOGIES INC,1
AMPY,AMPLIFY ENERGY CORP,1
AMR,ALPHA METALLURGICAL RESOURCE,1
AMRK,A-MARK PRECIOUS METALS INC,1
AMSC,AMERICAN SUPERCONDUCTOR CORP,1
AMTM,AMENTUM HOLDINGS INC,1
ANDG,ANDERSEN GROUP INC - A,1
APEI,AMERICAN PUBLIC EDUCATION,1
APO,APOLLO GLOBAL MANAGEMENT INC,1
APPN,APPIAN CORP,1
ARVN,ARVINAS INC,1
ARX,ACCELERANT HOLDINGS-CL A,1
AS,AMER SPORTS INC,1
ASH,ASHLAND GLOBAL HOLDINGS INC,1
ASHR,XTRACKERS HARVEST CSI 300 CH,1
ASIX,ADVANSIX INC,1
ASND,ASCENDIS PHARMA A/S - ADR,1
ASPI,ASP ISOTOPES INC,1
ASTE,ASTEC INDUSTRIES INC,1
ASTL,ALGOMA STEEL GROUP INC,1
ATEC,ALPHATEC HOLDINGS INC,1
ATMU,ATMUS FILTRATION TECHNOLOGIE,1
ATRO,ASTRONICS CORP,1
ATUS,ALTICE USA INC- A,1
AUROW,AURORA INNOVATION INC -CW28,1
AVAV,AEROVIRONMENT INC,1
AVBC,AVIDIA BANCORP INC,1
AVT,AVNET INC,1
AX,AXOS FINANCIAL INC,1
AXGN,AXOGEN INC,1
AXS,AXIS CAPITAL HOLDINGS LTD,1
AXTI,AXT INC,1
AZRE,AZURE POWER GLOBAL LTD,1
BAF,BAJAJ FINANCE LTD,1
BAP,CREDICORP LTD,1
BATL,BATTALION OIL CORP,1
BATRA,ATLANTA BRAVES HOLDINGS IN-A,1
BAYRY,BAYER AG-SPONSORED ADR,1
BB,BLACKBERRY LTD,1
BBW,BUILD-A-BEAR WORKSHOP INC,1
BBY,BEST BUY CO INC,1
BC,BRUNSWICK CORP,1
BCO,BRINK'S CO/THE,1
BCS,BARCLAYS PLC-SPONS ADR,1
BE,BLOOM ENERGY CORP- A,1
BELFB,BEL FUSE INC-CL B,1
BEPC,BROOKFIELD RENEWABLE CORP,1
BFAM,BRIGHT HORIZONS FAMILY SOLUT,1
BFLY,BUTTERFLY NETWORK INC,1
BGC,BGC GROUP INC-A,1
BHF,BRIGHTHOUSE FINANCIAL INC,1
BIDU,BAIDU INC - SPON ADR,1
BIRK,BIRKENSTOCK HOLDING PLC,1
BKD,BROOKDALE SENIOR LIVING INC,1
BKR,BAKER HUGHES CO,1
BKV,BKV CORPORATION,1
BL,BLACKLINE INC,1
BLBD,BLUE BIRD CORP,1
BLL,BALL CORP,1
BLND,BLEND LABS INC-A,1
BLSH,BULLISH,1
BNS,BANK OF NOVA SCOTIA,1
BOKF,BOK FINANCIAL CORPORATION,1
BR,BROADRIDGE FINANCIAL SOLUTIO,1
BRC,BRADY CORPORATION - CL A,1
BRCC,BRC INC-A,1
BRKR (Pfd),BRUKER CORP,1
BROS,DUTCH BROS INC-CLASS A,1
BRZE,BRAZE INC-A,1
BSM,BLACK STONE MINERALS LP,1
BTAFF,BRITISH AMERICAN TOBACCO PLC,1
BTAI,BIOXCEL THERAPEUTICS INC,1
BTI,BRITISH AMERICAN TOB-SP ADR,1
BTSG,BRIGHTSPRING HEALTH SERVICES,1
BUDFF,ANHEUSER-BUSCH INBEV SA/NV,1
BULL,WEBULL CORP,1
BUR,BURFORD CAPITAL LTD,1
BW,BABCOCK & WILCOX ENTERPR,1
BWXT,BWX TECHNOLOGIES INC,1
BXC,BLUELINX HOLDINGS INC,1
BXP,BOSTON PROPERTIES INC,1
BYD,BOYD GAMING CORP,1
BZ,KANZHUN LTD,1
CAAP,CORP AMERICA AIRPORTS SA,1
CABJF,CARLSBERG AS-B,1
CAG,CONAGRA BRANDS INC,1
CALM,CAL-MAINE FOODS INC,1
CARG,CARGURUS INC,1
CASH,PATHWARD FINANCIAL INC,1
CATH,GLOBAL X S&P 500 CA VAL ETF,1
CATO,CATO CORP-CLASS A,1
CBZ,CBIZ INC,1
CCJ,CAMECO CORP,1
CCO,CLEAR CHANNEL OUTDOOR HOLDIN,1
CCOI,COGENT COMMUNICATIONS HOLDIN,1
CCSI,CONSENSUS CLOUD SOLUTION,1
CDLX,CARDLYTICS INC,1
CDW,CDW CORP/DE,1
CECE,CECO ENVIRONMENTAL CORP,1
CELC,CELCUITY INC,1
CELH,CELSIUS HOLDINGS INC,1
CENTA,CENTRAL GARDEN AND PET CO-A,1
CET,CENTRAL SECURITIES CORP,1
CEVA,CEVA INC,1
CF,CF INDUSTRIES HOLDINGS INC,1
CFDZF,COFIDE SPA,1
CFRHF,CIE FINANCIERE RICHEMO-A REG,1
CHKEL,CHESAPEAKE ENERGY CORP -CW26,1
CHKP,CHECK POINT SOFTWARE TECH,1
CHRW,CH ROBINSON WORLDWIDE INC,1
CHWY,CHEWY INC - CLASS A,1
CHYM,CHIME FINANCIAL INC-CL A,1
CIVI,CIVITAS RESOURCES INC,1
CLCO,COOL CO LTD,1
CLDT,CHATHAM LODGING TRUST,1
CLFD,CLEARFIELD INC,1
CLPR,CLIPPER REALTY INC,1
CLW,CLEARWATER PAPER CORP,1
CMG,CHIPOTLE MEXICAN GRILL INC,1
CMPO,COMPOSECURE INC-A,1
CMS,CMS ENERGY CORP,1
CNA,CNA FINANCIAL CORP,1
CNDT,CONDUENT INC,1
CNQ,CANADIAN NATURAL RESOURCES,1
CNR,CORE NATURAL RESOURCES INC,1
CNX,CNX RESOURCES CORP,1
CNXC,CONCENTRIX CORP,1
COCXF,CHOCOLADEFABRIKEN LINDT-REG,1
COLD,AMERICOLD REALTY TRUST,1
COLL,COLLEGIUM PHARMACEUTICAL INC,1
CORZ,CORE SCIENTIFIC INC,1
COYA,COYA THERAPEUTICS INC,1
CPAY,CORPAY INC,1
CPF,CENTRAL PACIFIC FINANCIAL CO,1
CPRX,CATALYST PHARMACEUTICALS INC,1
CPS,COOPER-STANDARD HOLDING,1
CPT,CAMDEN PROPERTY TRUST,1
CR,CRANE CO,1
CRC,CALIFORNIA RESOURCES CORP,1
CRCL,CIRCLE INTERNET GROUP INC,1
CRMT,AMERICA'S CAR-MART INC,1
CRWV,COREWEAVE INC-CL A,1
CRY,CRYOLIFE INC,1
CSIQ,CANADIAN SOLAR INC,1
CTEV,CLARITEV CORP,1
CTLP,CANTALOUPE INC,1
CTO,CTO REALTY GROWTH INC,1
CTRI,CENTURI HOLDINGS INC,1
CVI,CVR ENERGY INC,1
CW,CURTISS-WRIGHT CORP,1
CWBC,COMMUNITY WEST BANCSHARES,1
CWK,CUSHMAN & WAKEFIELD LTD,1
CX,CEMEX SAB-SPONS ADR PART CER,1
CYD,CHINA YUCHAI INTL LTD,1
CYTK,CYTOKINETICS INC,1
CZR,CAESARS ENTERTAINMENT INC,1
D,DOMINION ENERGY INC,1
DAKT,DAKTRONICS INC,1
DANSKE,DANSKE BANK AS,1
DAR,DARLING INGREDIENTS INC,1
DAVE,DAVE INC,1
DC,DAKOTA GOLD CORP,1
DCBO,DOCEBO INC,1
DCI,DONALDSON CO INC,1
DD,DUPONT DE NEMOURS INC,1
DELHF,DE'LONGHI SPA,1
DFH,DREAM FINDERS HOMES INC - A,1
DGEAF,DIAGEO PLC,1
DGX,QUEST DIAGNOSTICS INC,1
DHT,DHT HOLDINGS INC,1
DIDI,DIDI GLOBAL INC,1
DIN,DINE BRANDS GLOBAL INC,1
DJCO,DAILY JOURNAL CORP,1
DKNG,DRAFTKINGS INC-CL A,1
DKS,DICK'S SPORTING GOODS INC,1
DLB,DOLBY LABORATORIES INC-CL A,1
DLO,DLOCAL LTD/URUGUAY,1
DLR,DIGITAL REALTY TRUST INC,1
DLTR,DOLLAR TREE INC,1
DNA,GINKGO BIOWORKS HOLDINGS INC,1
DNLI,DENALI THERAPEUTICS INC,1
DOCS,DOXIMITY INC-CLASS A,1
DOOO,BRP INC/CA- SUB VOTING,1
DOX,AMDOCS LTD,1
DPZ,DOMINO'S PIZZA INC,1
DSGX,DESCARTES SYSTEMS GRP/THE,1
DUOL,DUOLINGO,1
DV,DOUBLEVERIFY HOLDINGS INC,1
DVA,DAVITA INC,1
DVDCF,DAVIDE CAMPARI-MILANO NV,1
EAF,GRAFTECH INTERNATIONAL LTD,1
ECTXF,ELECTROLUX PROFESSIONAL AB-B,1
ECVT,ECOVYST INC,1
EEFT,EURONET WORLDWIDE INC,1
EFA,ISHARES MSCI EAFE ETF,1
EFXT,ENERFLEX LTD,1
EGAN,EGAIN CORP,1
EGO,ELDORADO GOLD CORP,1
EHC,ENCOMPASS HEALTH CORP,1
ELAN,ELANCO ANIMAL HEALTH INC,1
ELE,ELEMENTAL ROYALTY CORP,1
ENOV,ENOVIS CORP,1
ENSG,ENSIGN GROUP INC/THE,1
EOSE,EOS ENERGY ENTERPRISES INC,1
EQH,EQUITABLE HOLDINGS INC,1
EQNR,EQUINOR ASA-SPON ADR,1
ERO,ERO COPPER CORP,1
ESPR,ESPERION THERAPEUTICS INC,1
ESQ,ESQUIRE FINANCIAL HOLDINGS I,1
ESTA,ESTABLISHMENT LABS HOLDINGS,1
ESTC,ELASTIC NV,1
ETOR,ETORO GROUP LTD-A,1
ETSY,ETSY INC,1
EVH,EVOLENT HEALTH INC - A,1
EW,EDWARDS LIFESCIENCES CORP,1
EWBC,EAST WEST BANCORP INC,1
EWT,ISHARES MSCI TAIWAN ETF,1
EWZ,ISHARES MSCI BRAZIL ETF,1
EXP,EAGLE MATERIALS INC,1
EXXRF,EXOR NV,1
EZA,ISHARES MSCI SOUTH AFRICA ET,1
FA,FIRST ADVANTAGE CORP,1
FAF,FIRST AMERICAN FINANCIAL,1
FBAK,FIRST NATIONAL BANK ALASKA,1
FBLA,FB BANCORP INC,1
FCX,FREEPORT-MCMORAN INC,1
FER,FERROVIAL SE,1
FFIV,F5 NETWORKS INC,1
FHB,FIRST HAWAIIAN INC,1
FIBK,FIRST INTERSTATE BANCSYS-A,1
FIGXX,FIDELITY INV MMKT GOVT-I,1
FINV,FINVOLUTION GROUP-ADR,1
FITB,FIFTH THIRD BANCORP,1
FLMNF,FIELMANN GROUP AG,1
FLR,FLUOR CORP,1
FLS,FLOWSERVE CORP,1
FLUIF,FLUIDRA SA,1
FLYX,FLYEXCLUSIVE INC,1
FLYX.WS,EG ACQUISITION CORP-A -CW28,1
FMC,FMC CORP,1
FMCC,FREDDIE MAC,1
FNMA,FANNIE MAE,1
FOSL,FOSSIL GROUP INC,1
FPH,FIVE POINT HOLDINGS LLC-CL A,1
FR,FIRST INDUSTRIAL REALTY TR,1
FROG,JFROG LTD,1
FRPH,FRP HOLDINGS INC,1
FRPT,FRESHPET INC,1
FSLR,FIRST SOLAR INC,1
FSM,FORTUNA MINING CORP,1
FTNT,FORTINET INC,1
FUL,HB FULLER CO,1
FULT,FULTON FINANCIAL CORP,1
FXI,ISHARES CHINA LARGE-CAP ETF,1
GANX,GAIN THERAPEUTICS INC,1
GAU,GALIANO GOLD INC,1
GCI,GANNETT CO INC COM NEW,1
GDS,GDS HOLDINGS LTD - ADR,1
GDX,VANECK GOLD MINERS ETF,1
GDYN,GRID DYNAMICS HOLDINGS INC,1
GEF,GREIF INC-CL A,1
GEF.B,GREIF INC-CL B,1
GEMI,GEMINI SPACE STATION INC-A,1
GEOS,GEOSPACE TECHNOLOGIES CORP,1
GFI,GOLD FIELDS LTD-SPONS ADR,1
GFL,GFL ENVIRONMENTAL INC,1
GGAL,GRUPO FINANCIERO GALICIA-ADR,1
GH,GUARDANT HEALTH INC,1
GIII,G-III APPAREL GROUP LTD,1
GILD,GILEAD SCIENCES INC,1
GIS,GENERAL MILLS INC,1
GL,GLOBE LIFE INC,1
GLDM,SPDR GOLD MINISHARES TRUST,1
GLIBA,GCI LIBERTY INC-CL A,1
GLIBK,GCI LIBERTY INC-CL C,1
GLNG,GOLAR LNG LTD,1
GLPG,GALAPAGOS NV-SPON ADR,1
GLPI,GAMING AND LEISURE PROPERTIE,1
GMED,GLOBUS MEDICAL INC - A,1
GNE,GENIE ENERGY LTD-B,1
GOIXX,FH GOVERNMENT OBLIGATION-IS,1
GPI,GROUP 1 AUTOMOTIVE INC,1
GPL,GREAT PANTHER MINING LTD,1
GPRO,GOPRO INC-CLASS A,1
GPS,GAP INC/THE,1
GRMN,GARMIN LTD,1
GROY,GOLD ROYALTY CORP,1
GRP.U,GRANITE REAL ESTATE INVESTME,1
GSL,GLOBAL SHIP LEASE INC-CL A,1
GSM,FERROGLOBE PLC,1
GT,GOODYEAR TIRE & RUBBER CO,1
GTES,GATES INDUSTRIAL CORP PLC,1
GTLS,CHART INDUSTRIES INC,1
GTN,GRAY TELEVISION INC,1
GWRE,GUIDEWIRE SOFTWARE INC,1
GWW,WW GRAINGER INC,1
GXO,GXO LOGISTICS INC,1
H,HYATT HOTELS CORP - CL A,1
HAFN,HAFNIA LTD,1
HBM,HUDBAY MINERALS INC,1
HG,HAMILTON INSURANCE GROU-CL B,1
HGV,HILTON GRAND VACATIONS INC,1
HII,HUNTINGTON INGALLS INDUSTRIE,1
HINKF,HEINEKEN NV,1
HKHHF,HEINEKEN HOLDING NV,1
HLLY,HOLLEY INC,1
HMC,HONDA MOTOR CO LTD-SPONS ADR,1
HMRZF,HENNES & MAURITZ AB-B SHS,1
HNGE,HINGE HEALTH INC-A,1
HOFT,HOOKER FURNISHINGS CORP,1
HOG,HARLEY-DAVIDSON INC,1
HOLX,HOLOGIC INC,1
HOMB,HOME BANCSHARES INC,1
HON,HONEYWELL INTERNATIONAL INC,1
HPE (Pfd),HP ENTERPRISE CO,1
HPQ,HP INC,1
HQY,HEALTHEQUITY INC,1
HRI,HERC HOLDINGS INC,1
HSY,HERSHEY CO/THE,1
HTHT,H WORLD GROUP LTD-ADR,1
HTLD,HEARTLAND EXPRESS INC,1
HTZ,HERTZ GLOBAL HLDGS INC,1
HURN,HURON CONSULTING GROUP INC,1
IAC,IAC INTERACTIVECORP NEW,1
IAG,IAMGOLD CORP,1
IART,INTEGRA LIFESCIENCES HOLDING,1
IBP,INSTALLED BUILDING PRODUCTS,1
ICFI,ICF INTERNATIONAL INC,1
IDA,IDACORP INC,1
IDCC,INTERDIGITAL INC,1
IDT,IDT CORP-CLASS B,1
IE,IVANHOE ELECTRIC INC / US,1
IEP,ICAHN ENTERPRISES LP,1
IESC,IES HOLDINGS INC,1
IGT,INTERNATIONAL GAME TECHNOLOG,1
IHRT,IHEARTMEDIA INC - CLASS A,1
IJGXX,JPMORGAN US GOVT MMKT-L,1
ILMN,ILLUMINA INC,1
IMO,IMPERIAL OIL LTD,1
INBX,INHIBRX BIOSCIENCES INC,1
INDA,ISHARES MSCI INDIA ETF,1
INDV,INDIVIOR PLC,1
ING,ING GROEP NV-SPONSORED ADR,1
INGR,INGREDION INC,1
INN,SUMMIT HOTEL PROPERTIES INC,1
INTC,INTEL CORP,1
IONS,IONIS PHARMACEUTICALS INC,1
IOO,ISHARES GLOBAL 100 ETF,1
IPGP,IPG PHOTONICS CORP,1
IRMD,IRADIMED CORP,1
IRS,IRSA -SP ADR,1
ITB,ISHARES US HOME CONSTRUCTI,1
ITIC,INVESTORS TITLE CO,1
ITT,ITT INC,1
IVV,ISHARES CORE S&P 500 ETF,1
IWM,ISHARES RUSSELL 2000 ETF,1
J,JACOBS SOLUTIONS INC,1
JBLU,JETBLUE AIRWAYS CORP,1
JBS,JBS NV-A,1
JBT,JOHN BEAN TECHNOLOGIES CORP,1
JGRW,JENSEN QUALITY GROWTH ETF,1
JHG,JANUS HENDERSON GROUP PLC,1
JOBY,JOBY AVIATION INC,1
JOE,ST JOE CO/THE,1
JRVR,JAMES RIVER GROUP HOLDINGS I,1
KALU,KAISER ALUMINUM CORP,1
KAR,KAR AUCTION SERVICES INC,1
KARO,KAROOOOO LTD,1
KBH,KB HOME,1
KDP,KEURIG DR PEPPER INC,1
KEP,KOREA ELEC POWER CORP-SP ADR,1
KEX,KIRBY CORP,1
KFY,KORN FERRY,1
KGC,KINROSS GOLD CORP,1
KKR (Pfd),KKR & CO INC,1
KLAC,KLA CORP,1
KLAR,KLARNA GROUP PLC,1
KLIC,KULICKE & SOFFA INDUSTRIES,1
KMI,KINDER MORGAN INC,1
KMROF,KALMAR OYJ-B SHARE,1
KMT,KENNAMETAL INC,1
KN,KNOWLES CORP,1
KNCRF,KONECRANES OYJ,1
KNX,KNIGHT-SWIFT TRANSPORTATION,1
KOD,KODIAK SCIENCES INC,1
KPLTW,KATAPULT HOLDINGS INC -CW26,1
KRC,KILROY REALTY CORP,1
KRMN,KARMAN HOLDINGS INC,1
KRNT,KORNIT DIGITAL LTD,1
KRSP,RICE ACQUISITION CORP 3-A,1
KRSP.WS,RICE ACQUISITION CORP 3,1
KT,KT CORP-SP ADR,1
KTOS,KRATOS DEFENSE & SECURITY,1
KURA,KURA ONCOLOGY INC,1
KW,KENNEDY-WILSON HOLDINGS INC,1
LAB,STANDARD BIOTOOLS INC,1
LASR,NLIGHT INC,1
LAZ,LAZARD INC,1
LBTYK,LIBERTY GLOBAL LTD-C,1
LEA,LEAR CORP,1
LEGH,LEGACY HOUSING CORP,1
LESL,LESLIE'S INC,1
LGIH,LGI HOMES INC,1
LII,LENNOX INTERNATIONAL INC,1
LKQ,LKQ CORP,1
LMB,LIMBACH HOLDINGS INC,1
LNC,LINCOLN NATIONAL CORP,1
LNT,ALLIANT ENERGY CORP,1
LOAR,LOAR HOLDINGS INC,1
LOMA,LOMA NEGRA CIA IND-SPON ADR,1
LOTB,LOTUS BAKERIES,1
LPG,DORIAN LPG LTD,1
LQDA,LIQUIDIA CORP,1
LRE,LEAD REAL ESTATE CO LTD,1
LRLCF,L'OREAL,1
LSTR,LANDSTAR SYSTEM INC,1
LTG,LT GROUP INC,1
LTH,LIFE TIME GROUP HOLDINGS INC,1
LW,LAMB WESTON HOLDINGS INC,1
LXU,LSB INDUSTRIES INC,1
MAA,MID-AMERICA APARTMENT COMM,1
MAS,MASCO CORP,1
MASI,MASIMO CORP,1
MBGYY,MERCEDES-BENZ GROUP-UNSP ADR,1
MCK,MCKESSON CORP,1
MDB,MONGODB INC,1
MDXG,MIMEDX GROUP INC,1
MEOH,METHANEX CORP,1
MESO,MESOBLAST LTD- SPON ADR,1
MET,METLIFE INC,1
METC,RAMACO RESOURCES INC-A,1
MHO,M/I HOMES INC,1
MIR,MIRION TECHNOLOGIES INC,1
MIRM,MIRUM PHARMACEUTICALS INC,1
MKC,MCCORMICK & CO-NON VTG SHRS,1
MLCI,MOUNT LOGAN CAPITAL INC,1
MLI,MUELLER INDUSTRIES INC,1
MLR,MILLER INDUSTRIES INC/TENN,1
MMM,3M CO,1
MMMB,MAMAMANCINI'S HOLDINGS INC,1
MNRO,MONRO INC,1
MNTN,MNTN INC-A,1
MOD,MODINE MANUFACTURING CO,1
MOMO,HELLO GROUP INC -SPN ADR,1
MPAA,MOTORCAR PARTS OF AMERICA IN,1
MRT,MARTI TECHNOLOGIES INC,1
MRVL,MARVELL TECHNOLOGY INC,1
MSA,MSA SAFETY INC,1
MSTR,MICROSTRATEGY INC-CL A,1
MT,ARCELORMITTAL-NY REGISTERED,1
MTA,METALLA ROYALTY & STREAMING,1
MTB,M & T BANK CORP,1
MTD,METTLER-TOLEDO INTERNATIONAL,1
MTDR,MATADOR RESOURCES CO,1
MTG,MGIC INVESTMENT CORP,1
MTH,MERITAGE HOMES CORP,1
MTLS,MATERIALISE NV-ADR,1
MTUS,METALLUS INC,1
MYRG,MYR GROUP INC/DELAWARE,1
MYTE,MYT NETHERLANDS PARENT BV,1
NATL,NCR ATLEOS CORP,1
NBIX,NEUROCRINE BIOSCIENCES INC,1
NBR,NABORS INDUSTRIES LTD,1
NCLH,NORWEGIAN CRUISE LINE HOLDIN,1
NDAQ,NASDAQ INC,1
NDSN,NORDSON CORP,1
NE,NOBLE CORP PLC,1
NET,CLOUDFLARE INC - CLASS A,1
NGG,NATIONAL GRID PLC-SP ADR,1
NICE,NICE LTD - SPON ADR,1
NMM,NAVIOS MARITIME PARTNERS LP,1
NMR,NOMURA HOLDINGS INC-SPON ADR,1
NMRK,NEWMARK GROUP INC-CLASS A,1
NOC,NORTHROP GRUMMAN CORP,1
NODK,NI HOLDINGS INC,1
NOK,NOKIA CORP-SPON ADR,1
NOMD,NOMAD FOODS LTD,1
NPN,NASPERS LTD N SHS,1
NRZ,NEW RESIDENTIAL INVESTMENT,1
NSIT,INSIGHT ENTERPRISES INC,1
NSRGF,NESTLE SA-REG,1
NSRGY,NESTLE SA-SPONS ADR,1
NTDOF,NINTENDO CO LTD,1
NTNX,NUTANIX INC - A,1
NTPXX,NORTHERN INST TRSRY-PRM,1
NTR,NUTRIEN LTD,1
NTRA,NATERA INC,1
NTSK,NETSKOPE INC-CL A,1
NUVB.WS,NUVATION BIO INC -CW27,1
NUVL,NUVALENT INC-A,1
NVSEF,NOVARTIS AG-REG,1
NWG,NATWEST GROUP PLC -SPON ADR,1
NXPI,NXP SEMICONDUCTORS NV,1
OABI,OMNIAB INC,1
OAS,OASIS PETROLEUM INC,1
OBT,ORANGE COUNTY BANCORP INC,1
OCFC,OCEANFIRST FINANCIAL CORP,1
OCN,OCWEN FINANCIAL CORP COM NEW,1
OCSL,OAKTREE SPECIALTY LENDING CO,1
ODV,OSISKO DEVELOPMENT CORP,1
OEC,ORION ENGINEERED CARBONS SA,1
OGN,ORGANON & CO,1
OKE,ONEOK INC,1
OKTA,OKTA INC,1
OLMA,OLEMA PHARMACEUTICALS INC,1
ONTO,ONTO INNOVATION INC,1
OPCH,OPTION CARE HEALTH INC,1
OPFI,OPPFI INC,1
OPRT,OPORTUN FINANCIAL CORP,1
ORCC,OWL ROCK CAPITAL CORP,1
ORIC,ORIC PHARMACEUTICALS INC,1
ORKA,ORUKA THERAPEUTICS INC,1
ORLA,ORLA MINING LTD,1
OSCR,OSCAR HEALTH INC - CLASS A,1
OSW,ONESPAWORLD HOLDINGS LTD,1
OTEX,OPEN TEXT CORP,1
OUT,OUTFRONT MEDIA INC,1
OVV,OVINTIV INC,1
PACB,PACIFIC BIOSCIENCES OF CALIF,1
PAGS,PAGSEGURO DIGITAL LTD-CL A,1
PANW,PALO ALTO NETWORKS INC,1
PAR,PAR TECHNOLOGY CORP,1
PATK,PATRICK INDUSTRIES INC,1
PAYX,PAYCHEX INC,1
PBF,PBF ENERGY INC-CLASS A,1
PBI,PITNEY BOWES INC,1
PBYI,PUMA BIOTECHNOLOGY INC,1
PCAR,PACCAR INC,1
PCG (Pfd),PG&E CORP,1
PCH,POTLATCHDELTIC CORP,1
PDRDF,PERNOD RICARD SA,1
PDS,PRECISION DRILLING CORP COM NEW,1
PEGA,PEGASYSTEMS INC,1
PEPG,PEPGEN INC,1
PEYUF,PEYTO EXPLORATION & DEV CORP,1
PGEN,PRECIGEN INC,1
PGY,PAGAYA TECHNOLOGIES LTD -A,1
PHG,KONINKLIJKE PHILIPS NVR- NY,1
PHIN,PHINIA INC,1
PHJMF,HM SAMPOERNA TBK PT,1
PHVS,PHARVARIS NV,1
PHYS,SPROTT PHYSICAL GOLD TRUST,1
PIFYF,PINE CLIFF ENERGY LTD,1
PINS,PINTEREST INC- CLASS A,1
PIPR,PIPER SANDLER COS,1
PKG,PACKAGING CORP OF AMERICA,1
PL,PLANET LABS PBC,1
PLOW,DOUGLAS DYNAMICS INC,1
PLPC,PREFORMED LINE PRODUCTS CO,1
PLXS,PLEXUS CORP,1
PNTG,PENNANT GROUP INC/THE,1
PONY,PONY AI INC,1
POWI,POWER INTEGRATIONS INC,1
POWL,POWELL INDUSTRIES INC,1
PPTA,PERPETUA RESOURCES CORP,1
PRA,PROASSURANCE CORP,1
PRCH,PORCH GROUP INC,1
PRG,PROG HOLDINGS INC,1
PRI,PRIMERICA INC,1
PRTH,PRIORITY TECHNOLOGY HOLDINGS,1
PRVA,PRIVIA HEALTH GROUP INC,1
PSEC,PROSPECT CAPITAL CORP,1
PSKY,PARAMOUNT SKYDANCE CL B,1
PSNL,PERSONALIS INC,1
PSTG,PURE STORAGE INC - CLASS A,1
PTC,PTC INC,1
PTEN,PATTERSON-UTI ENERGY INC,1
PTGX,PROTAGONIST THERAPEUTICS INC,1
PTLO,PORTILLO'S INC-CL A,1
PUIGF,PUIG BRANDS SA-B,1
PUK,PRUDENTIAL PLC-ADR,1
PVH,PVH CORP,1
PWFL,POWERFLEET INC,1
PWR,QUANTA SERVICES INC,1
Q,QNITY ELECTRONICS INC,1
QFIN,360 DIGITECH INC,1
QLYS,QUALYS INC,1
QRVO,QORVO INC,1
QUAD,QUAD GRAPHICS INC,1
QXO,QXO INC,1
RBA,RB GLOBAL INC,1
RBGPF,RECKITT BENCKISER GROUP PLC,1
RCII,RENT-A-CENTER INC,1
RDDT,REDDIT INC-CL A,1
RDI,READING INTERNATIONAL INC-A,1
RDN,RADIAN GROUP INC,1
RDVT,RED VIOLET INC,1
REAL,REALREAL INC/THE,1
RELX,RELX PLC - SPON ADR,1
RERE,AIHUISHOU INTERNATIONAL -ADR,1
REYN,REYNOLDS CONSUMER PRODUCTS I,1
RFL,RAFAEL HOLDINGS INC-CLASS B,1
RGLD,ROYAL GOLD INC,1
RHI,ROBERT HALF INTL INC,1
RHLD,RESOLUTE HOLDINGS MANAG,1
RIG,TRANSOCEAN LTD,1
RIOT,RIOT PLATFORMS INC,1
RKLB,ROCKET LAB CORP,1
RLJ,RLJ LODGING TRUST,1
RLYB,RALLYBIO CORP,1
RMD,RESMED INC,1
RMNI,RIMINI STREET INC,1
ROAD,CONSTRUCTION PARTNERS INC-A,1
ROG,ROGERS CORP,1
ROK,ROCKWELL AUTOMATION INC,1
ROL,ROLLINS INC,1
ROP,ROPER TECHNOLOGIES INC,1
RR,RICHTECH ROBOTICS INC-CL B,1
RS,RELIANCE STEEL & ALUMINUM,1
RTLLF,RATIONAL AG,1
RUSHA,RUSH ENTERPRISES INC-CL A,1
RUSHB,RUSH ENTERPRISES INC - CL B,1
RWAY,RUNWAY GROWTH FINANCE CORP,1
RYCEY,ROLLS-ROYCE HOLDINGS-SP ADR,1
RYI,RYERSON HOLDING CORP,1
SABR,SABRE CORP,1
SAIA,SAIA INC,1
SAPGF,SAP SE,1
SARO,STANDARDAERO INC,1
SBAC,SBA COMMUNICATIONS CORP NEW CL-A,1
SBLK,STAR BULK CARRIERS CORP,1
SBSI,SOUTHSIDE BANCSHARES INC,1
SCHL,SCHOLASTIC CORP,1
SCI,SERVICE CORP INTERNATIONAL,1
SDGR,SCHRODINGER INC,1
SDHC,SMITH DOUGLAS HOMES CORP,1
SEAS,SEAWORLD ENTERTAINMENT INC,1
SEB,SEABOARD CORP,1
SEIC,SEI INVESTMENTS COMPANY,1
SENEA,SENECA FOODS CORP - CL A,1
SERV,SERVE ROBOTICS INC,1
SES,SES AI CORP,1
SFIX,STITCH FIX INC-CLASS A,1
SFM,SPROUTS FARMERS MARKET INC,1
SFNC,SIMMONS FIRST NATL CORP-CL A,1
SGU,STAR GROUP LP,1
SHC,SOTERA HEALTH CO,1
SIEGY,SIEMENS AG-SPONS ADR,1
SITE,SITEONE LANDSCAPE SUPPLY INC,1
SIVR,ABRDN PHYSICAL SILVER SHARES,1
SJM,JM SMUCKER CO/THE,1
SKY,CHAMPION HOMES INC,1
SKYT,SKYWATER TECHNOLOGY INC,1
SKYW,SKYWEST INC,1
SLDE,SLIDE INSURANCE HOLDINGS INC,1
SLM (Pfd),SLM CORP,1
SMCI,SUPER MICRO COMPUTER INC,1
SMFG,SUMITOMO MITSUI-SPONS ADR,1
SMHI,SEACOR MARINE HOLDINGS INC,1
SMIN,ISHARES MSCI INDIA SMALL-CAP,1
SMR,NUSCALE POWER CORP,1
SMRT,SMARTRENT INC,1
SMTC,SEMTECH CORP,1
SNDA,SONIDA SENIOR LIVING INC,1
SNDK,SANDISK CORP,1
SNN,SMITH & NEPHEW PLC -SPON ADR,1
SNPS,SYNOPSYS INC,1
SOFI,SOFI TECHNOLOGIES INC,1
SOI,SOLARIS OILFIELD INFRAST-A,1
SOLS,SOLSTICE ADV MATERIALS INC,1
SPB,SPECTRUM BRANDS HOLDINGS INC,1
SPRY,ARS PHARMACEUTICALS INC,1
SPSC,SPS COMMERCE INC,1
SRAD,SPORTRADAR GROUP AG-A,1
SRI,STONERIDGE INC,1
SRRK,SCHOLAR ROCK HOLDING CORP,1
SRTA,STRATA CRITICAL MEDICAL INC,1
SSPPF,SSP GROUP PLC,1
SSTI,SOUNDTHINKING INC,1
SSYS,STRATASYS LTD,1
STKL,SUNOPTA INC,1
STRL,STERLING CONSTRUCTION CO,1
STX,SEAGATE TECHNOLOGY HOLDINGS,1
STXS,STEREOTAXIS INC,1
SUPN,SUPERNUS PHARMACEUTICALS INC,1
SW,SMURFIT WESTROCK PLC,1
SWX,SOUTHWEST GAS HOLDINGS INC,1
SWZ,SWISS HELVETIA FUND,1
SYM,SYMBOTIC INC,1
TAC,TRANSALTA CORP,1
TBBB,BBB FOODS INC-CLASS A,1
TDUP,THREDUP INC - CLASS A,1
TECK,TECK RESOURCES LTD-CLS B,1
TEO,TELECOM ARGENTINA SA-SP ADR,1
TEX,TEREX CORP,1
TFII,TFI INTERNATIONAL INC,1
TFPM,TRIPLE FLAG PRECIOUS MET,1
TFX,TELEFLEX INC,1
THC,TENET HEALTHCARE CORP,1
THRY,THRYV HOLDINGS INC,1
TMDX,TRANSMEDICS GROUP INC,1
TOL,TOLL BROTHERS INC,1
TOU,TOURMALINE OIL CORP,1
TPG,TPG INC,1
TPH,TRI POINTE HOMES INC,1
TRC,TEJON RANCH CO,1
TREX,TREX COMPANY INC,1
TRGP,TARGA RESOURCES CORP,1
TRMLF,TOURMALINE OIL CORP,1
TRS,TRIMAS CORP,1
TRUP,TRUPANION INC,1
TRVI,TREVI THERAPEUTICS INC,1
TSHA,TAYSHA GENE THERAPIES INC,1
TSMWF,TAIWAN SEMICONDUCTOR MANUFAC,1
TTAN,SERVICETITAN INC-A,1
TTE,TOTALENERGIES SE,1
TWFG,TWFG INC,1
TWI,TITAN INTERNATIONAL INC,1
TYL,TYLER TECHNOLOGIES INC,1
U,UNITY SOFTWARE INC,1
UA,UNDER ARMOUR INC-CLASS C,1
UAA,UNDER ARMOUR INC-CLASS A,1
UAL,UNITED AIRLINES HOLDINGS INC,1
UAN,CVR PARTNERS LP,1
UBS,UBS GROUP AG-REG,1
UGI,UGI CORP,1
ULCC,FRONTIER GROUP HOLDINGS INC,1
UMBF,UMB FINANCIAL CORP,1
UNFI,UNITED NATURAL FOODS INC,1
UNLYF,UNILEVER PLC,1
URTH,ISHARES MSCI WORLD ETF,1
USM,US CELLULAR CORP,1
UVE,UNIVERSAL INSURANCE HOLDINGS,1
VBIL,VANGUARD 0-3M T-BILL ETF,1
VCTR,VICTORY CAPITAL HOLDING - A,1
VEA,VANGUARD FTSE DEVELOPED ETF,1
VELO,VELO3D INC,1
VET,VERMILION ENERGY INC,1
VEU,VANGUARD FTSE ALL-WORLD EX-U,1
VIPS,VIPSHOP HOLDINGS LTD - ADR,1
VIST,VISTA OIL & GAS SAB DE CV,1
VLO,VALERO ENERGY CORP,1
VLRS,CONTROLADORA VUELA CIA-ADR,1
VLTO,VERALTO CORP,1
VNOM,VIPER ENERGY INC-CL A,1
VOXR,VOX ROYALTY CORP,1
VRT,VERTIV HOLDINGS CO,1
VRTS,VIRTUS INVESTMENT PARTNERS,1
VRTX,VERTEX PHARMACEUTICALS INC,1
VSAT,VIASAT INC,1
VSCO,VICTORIA'S SECRET & CO,1
VSH,VISHAY INTERTECHNOLOGY INC,1
VSS,VANGUARD FTSE ALL WO X-US SC,1
VT,VANGUARD TOT WORLD STK ETF,1
VTOL,BRISTOW GROUP INC,1
VTS,VITESSE ENERGY INC,1
VUG,VANGUARD GROWTH ETF,1
VWO,VANGUARD FTSE EMERGING MARKE,1
WAB,WABTEC CORP,1
WB,WEIBO CORP-SPON ADR,1
WBS,WEBSTER FINANCIAL CORP,1
WCN,WASTE CONNECTIONS INC,1
WDC,WESTERN DIGITAL CORP,1
WEAV,WEAVE COMMUNICATIONS INC,1
WEC,WEC ENERGY GROUP INC,1
WEN,WENDY'S CO/THE,1
WEX,WEX INC,1
WGS,GENEDX HOLDINGS CORP,1
WILLF,DEMANT A/S,1
WINA,WINMARK CORP,1
WING,WINGSTOP INC,1
WIT,WIPRO LTD-ADR,1
WK,WORKIVA INC,1
WLTH,WEALTHFRONT CORP,1
WMG,WARNER MUSIC GROUP CORP-CL A,1
WRLC,WINDROCK LTD CO,1
WSBF,WATERSTONE FINANCIAL INC,1
WSC,WILLSCOT MOBILE MINI HOLDING,1
WSFS,WSFS FINANCIAL CORP,1
WSO,WATSCO INC,1
WU,WESTERN UNION CO,1
WWD,WOODWARD INC,1
WY,WEYERHAEUSER CO,1
WYNN,WYNN RESORTS LTD,1
XERS,XERIS BIOPHARMA HOLDINGS INC,1
XMTR,XOMETRY INC-A,1
XP,XP INC - CLASS A,1
XPEL,XPEL INC,1
XPO,XPO LOGISTICS INC,1
YMM,FULL TRUCK ALLIANCE -SPN ADR,1
YY,JOYY INC-ADR,1
ZDGE,ZEDGE INC-CL B,1
ZETA,ZETA GLOBAL HOLDINGS CORP-A,1
ZGN,ERMENEGILDO ZEGNA NV,1
ZIM,ZIM INTEGRATED SHIPPING SERV,1
ZION,ZIONS BANCORP NA,1
ZIP,ZIPRECRUITER INC-A,1
ZLDSF,ZALANDO SE,1
ZS,ZSCALER INC,1
