ticker,stock,value
AAPL,APPLE INC,72043141619.0
AXP,AMERICAN EXPRESS CO,56166788737.0
GOOG,ALPHABET INC-CL A,33941109979.0
MSFT,MICROSOFT CORP,31210692656.0
BAC,BANK OF AMERICA CORP,29670546345.0
KO,COCA-COLA CO/THE,28122434515.0
MCO,MOODY'S CORP,22396730795.0
V,VISA INC-CLASS A SHARES,21602634884.0
AMZN,AMAZONCOM INC,21223284012.0
CVX,CHEVRON CORP,19858914661.0
GE,GENERAL ELECTRIC CO,17311142673.0
BRK.B,BERKSHIRE HATHAWAY INC CL-B,15385773675.0
OXY,OCCIDENTAL PETROLEUM CORP,14009934244.0
CB,CHUBB LTD,11030759985.0
META,META PLATFORMS INC-CLASS A,10330795861.0
COF,CAPITAL ONE FINANCIAL CORP,8596480911.0
MA,MASTERCARD INC - A,8401336844.0
SPGI,S&P GLOBAL INC,8185507525.0
KHC,KRAFT HEINZ CO/THE,8171182905.0
SCHW,SCHWAB (CHARLES) CORP,7795446077.0
TSM,TAIWAN SEMICONDUCTOR-SP ADR,7547740478.0
UNH,UNITEDHEALTH GROUP INC,7009069969.0
WM,WASTE MANAGEMENT INC,6640232053.0
NVDA,NVIDIA CORP,6205794481.0
CNI,CANADIAN NATL RAILWAY CO,6099571913.0
BN,BROOKFIELD CORP,6088189281.0
CP,CANADIAN PACIFIC KANSAS CITY,4966970561.0
AON,AON PLC-CLASS A,4836348069.0
RTX,RAYTHEON TECHNOLOGIES CORP,4723260181.0
AVGO,BROADCOM INC,4557485196.0
JCI,JOHNSON CONTROLS INTERNATION,4262198760.0
IEP,ICAHN ENTERPRISES LP,4147974070.0
UBER,UBER TECHNOLOGIES INC,4061191634.0
FDX,FEDEX CORP,3918851979.0
CVNA,CARVANA CO,3666713596.0
CAT,CATERPILLAR INC,3640109931.0
CVS,CVS HEALTH CORP,3617530784.0
DVA,DAVITA INC,3608147375.0
CMCSA,COMCAST CORP-CLASS A,3557341912.0
LEN,LENNAR CORP-A,3151922366.0
KR,KROGER CO,3129013395.0
MET,METLIFE INC,3018580186.0
COP,CONOCOPHILLIPS,2990326132.0
HUM,HUMANA INC,2768133187.0
APD,AIR PRODUCTS & CHEMICALS INC,2699711223.0
FIS,FIDELITY NATIONAL INFO SERV,2647920079.0
FTV,FORTIVE CORP,2644296200.0
REGN,REGENERON PHARMACEUTICALS,2588420504.0
DIS,WALT DISNEY CO/THE,2584928121.0
WFC,WELLS FARGO & CO,2572014314.0
TSMWF,TAIWAN SEMICONDUCTOR MANUFAC,2513945956.0
SIRI,SIRIUS XM HOLDINGS INC,2504310287.0
GSK,GSK PLC-SPON ADR,2496234729.0
BKNG,BOOKING HOLDINGS INC,2478522975.0
FISV,FISERV INC,2472748166.0
SE,SEA LTD-ADR,2440425608.0
BK,BANK OF NEW YORK MELLON CORP,2428848511.0
GILD,GILEAD SCIENCES INC,2394057446.0
ASHTF,ASHTEAD GROUP PLC,2375211824.0
CHTR,CHARTER COMMUNICATIONS INC-A,2360744053.0
FICO,FAIR ISAAC CORP,2353429685.0
QSR,RESTAURANT BRANDS INTERN,2349943126.0
WDAY,WORKDAY INC-CLASS A,2333405688.0
ICE,INTERCONTINENTAL EXCHANGE IN,2280736664.0
VRSN,VERISIGN INC,2249841876.0
PM,PHILIP MORRIS INTERNATIONAL,2213646142.0
LOAR,LOAR HOLDINGS INC,2179416320.0
CI,CIGNA CORP,2166859917.0
PDD,PINDUODUO INC-ADR,2124618819.0
SNY,SANOFI-ADR,2123487280.0
ASML,ASML HOLDING NV-NY REG SHS,2095170137.0
INTU,INTUIT INC,2093915669.0
LPLA,LPL FINANCIAL HOLDINGS INC,2092571879.0
NSC,NORFOLK SOUTHERN CORP,2082768336.0
AER,AERCAP HOLDINGS NV,2079871619.0
DE,DEERE & CO,2056787921.0
GM,GENERAL MOTORS CO,2053783668.0
FLUT,FLUTTER ENTERTAINMENT PLC-DI,2017665608.0
DHR,DANAHER CORP,1988243502.0
CRM,SALESFORCECOM INC,1987109544.0
WLTW,WILLIS TOWERS WATSON PLC,1986153323.0
CSGP,COSTAR GROUP INC,1937586387.0
IDXX,IDEXX LABORATORIES INC,1934972367.0
ANTM,ANTHEM INC,1849440771.0
GEHCV,GE HEALTHCARE INC-W/I,1815884661.0
ALLY,ALLY FINANCIAL INC,1807319323.0
TDG,TRANSDIGM GROUP INC,1805060421.0
STZ,CONSTELLATION BRANDS INC-A,1800709544.0
CVI,CVR ENERGY INC,1791445902.0
LLY,ELI LILLY & CO,1771876490.0
BUD,ANHEUSER-BUSCH INBEV-SPN ADR,1741178950.0
CPNG,COUPANG INC,1721745709.0
TMUS,T-MOBILE US INC,1709303407.0
KKR,KKR & CO INC,1703279728.0
ORCL,ORACLE CORP,1682841895.0
BRK.A,BERKSHIRE HATHAWAY INC CL-A,1671880456.0
TEL,TE CONNECTIVITY PLC,1666630616.0
WAT,WATERS CORP,1652324879.0
SYK,STRYKER CORP,1629389613.0
IBKR,INTERACTIVE BROKERS GRO-CL A,1629043989.0
DASH,DOORDASH INC - A,1599951654.0
HHH,HOWARD HUGHES HOLDINGS INC,1586387027.0
TTWO,TAKE-TWO INTERACTIVE SOFTWRE,1573609282.0
HLT,HILTON WORLDWIDE HOLDINGS IN,1566166123.0
TMO,THERMO FISHER SCIENTIFIC INC,1554833409.0
MELI,MERCADOLIBRE INC,1554204869.0
ZBH,ZIMMER BIOMET HOLDINGS INC,1551277540.0
PNC,PNC FINANCIAL SERVICES GROUP,1525748609.0
FERG,FERGUSON ENTERPRISES INC,1517085296.0
BABA,ALIBABA GROUP HOLDING-SP ADR,1516457315.0
JHG,JANUS HENDERSON GROUP PLC,1515951246.0
APP,APPLOVIN CORP-CLASS A,1507280761.0
RBC,RBC BEARINGS INC,1503911701.0
SBAC,SBA COMMUNICATIONS CORP NEW CL-A,1500436510.0
SHOP,SHOPIFY INC - CLASS A,1488182173.0
IFF,INTL FLAVORS & FRAGRANCES,1479298577.0
ADBE,ADOBE INC,1471855746.0
CCL,CARNIVAL CORP,1466121893.0
ECL,ECOLAB INC,1464465194.0
SHW,SHERWIN-WILLIAMS CO/THE,1410065797.0
DPZ,DOMINO'S PIZZA INC,1396347000.0
LAD,LITHIA MOTORS INC,1395664367.0
BKR,BAKER HUGHES CO,1373252597.0
SUI,SUN COMMUNITIES INC,1368613458.0
CTSH,COGNIZANT TECH SOLUTIONS-A,1350841201.0
FER,FERROVIAL SE,1348162940.0
MCD,MCDONALD'S CORP,1344251817.0
ABNB,AIRBNB INC-CLASS A,1306914447.0
WWD,WOODWARD INC,1303723398.0
BLK,BLACKROCK INC,1294310785.0
RKT,ROCKET COS INC-CLASS A,1284842837.0
JPM,JPMORGAN CHASE & CO,1265547957.0
AMAT,APPLIED MATERIALS INC,1254178786.0
CBRE,CBRE GROUP INC - A,1243189991.0
MAR,MARRIOTT INTERNATIONAL -CL A,1240938904.0
ADP,AUTOMATIC DATA PROCESSING,1238230216.0
ZTS,ZOETIS INC,1231870351.0
LLYVK,LIBERTY LIVE HOLDINGS-C,1207620330.0
ELAN,ELANCO ANIMAL HEALTH INC,1202171227.0
TRU,TRANSUNION,1200961046.0
NOW,SERVICENOW INC,1196058060.0
IQV,IQVIA HOLDINGS INC,1187905680.0
APG,API GROUP CORP,1187505992.0
MSCI,MSCI INC,1173760577.0
VST,VISTRA CORP,1155426907.0
BSX,BOSTON SCIENTIFIC CORP,1155274619.0
JOE,ST JOE CO/THE,1153111866.0
CRS,CARPENTER TECHNOLOGY,1151373658.0
AVTR,AVANTOR INC,1137711892.0
SAP,SAP SE-SPONSORED ADR,1135224699.0
HLN,HALEON,1129767345.0
GS,GOLDMAN SACHS GROUP INC,1105598747.0
BBIO,BRIDGEBIO PHARMA INC,1103917066.0
EFX,EQUIFAX INC,1099813913.0
ADI,ANALOG DEVICES INC,1076414012.0
MDLN,MEDLINE INC-CL A,1074185868.0
PG,PROCTER & GAMBLE CO/THE,1070192647.0
NUE,NUCOR CORP,1047647211.0
FWONK,LIBERTY MEDIA CORP-LIB-NEW-C,1036738647.0
TPX,TEMPUR SEALY INTERNATIONAL I,1036343223.0
RHHBY,ROCHE HOLDINGS LTD-SPONS ADR,1032973297.0
WMT,WALMART INC,1018077616.0
LYV,LIVE NATION ENTERTAINMENT IN,1005963167.0
VMC,VULCAN MATERIALS CO,991262524.0
INCY,INCYTE CORP,979526387.0
EL,ESTEE LAUDER COMPANIES-CL A,972965989.0
BAX,BAXTER INTERNATIONAL INC,952800408.0
AMD,ADVANCED MICRO DEVICES,950313370.0
NVS,NOVARTIS AG-SPONSORED ADR,949665939.0
BMRN,BIOMARIN PHARMACEUTICAL INC,939383919.0
D,DOMINION ENERGY INC,926911377.0
APH,AMPHENOL CORP-CL A,922597435.0
UNP,UNION PACIFIC CORP,913556686.0
APO,APOLLO GLOBAL MANAGEMENT INC,898886641.0
BA,BOEING CO/THE,894194060.0
RDDT,REDDIT INC-CL A,883600741.0
SPOT,SPOTIFY TECHNOLOGY SA,863199968.0
CME,CME GROUP INC,850239221.0
AA,ALCOA CORP,847550252.0
VEEV,VEEVA SYSTEMS INC-CLASS A,843597569.0
CHK,CHESAPEAKE ENERGY CORP,840087026.0
ALC,ALCON INC,833574986.0
FOXA,FOX CORP - CLASS A,826049773.0
ABT,ABBOTT LABORATORIES,810441722.0
MTD,METTLER-TOLEDO INTERNATIONAL,809337054.0
AEP,AMERICAN ELECTRIC POWER,797380127.0
TSLA,TESLA INC,796009886.0
LRCX,LAM RESEARCH CORP,790991648.0
NU,NU HOLDINGS LTD/CAYMAN ISL-A,775058708.0
CFRHF,CIE FINANCIERE RICHEMO-A REG,760539180.0
TOL,TOLL BROTHERS INC,757662946.0
NFLX,NETFLIX INC,754799471.0
SOLV,SOLVENTUM CORP,753174060.0
WBD,WARNER BROS DISCOVERY INC,752448497.0
TLN,TALEN ENERGY CORP,744050652.0
CRH,CRH PLC,743061288.0
RE,EVEREST RE GROUP LTD,741096278.0
SW,SMURFIT WESTROCK PLC,739868443.0
TAP,MOLSON COORS BEVERAGE CO - B,728937269.0
FOX,FOX CORP - CLASS B,725530222.0
POOL,POOL CORP,706156054.0
KOF,COCA-COLA FEMSA SAB-SP ADR,701182170.0
PAYC,PAYCOM SOFTWARE INC,692507799.0
DB,DEUTSCHE BANK AG-REGISTERED,686522738.0
PHM,PULTEGROUP INC,676414310.0
PCG,P G & E CORP,676291536.0
HKHHF,HEINEKEN HOLDING NV,674248483.0
CPRT,COPART INC,665938232.0
ADM,ARCHER-DANIELS-MIDLAND CO,662293366.0
DKNG,DRAFTKINGS INC-CL A,658872168.0
TDY,TELEDYNE TECHNOLOGIES INC,658433116.0
MLM,MARTIN MARIETTA MATERIALS,657358155.0
GEV,GE VERNOVA INC,656400613.0
CIGI,COLLIERS INTERNATIONAL GROUP,645267442.0
ACN,ACCENTURE PLC-CL A,640288648.0
CNQ,CANADIAN NATURAL RESOURCES,635547967.0
ORLY,O'REILLY AUTOMOTIVE INC,630128389.0
CARR,CARRIER GLOBAL CORP,622540085.0
TKO,TKO GROUP HOLDINGS INC,622533252.0
FCNCA,FIRST CITIZENS BCSHS -CL A,615026510.0
DHI,DR HORTON INC,614167253.0
CSX,CSX CORP,607439219.0
PGR,PROGRESSIVE CORP,605028584.0
STT,STATE STREET CORP,596446128.0
GRBK,GREEN BRICK PARTNERS INC,593635138.0
SBUX,STARBUCKS CORP,591724950.0
VFC,VF CORP,590869732.0
MDB,MONGODB INC,590419892.0
PEP,PEPSICO INC,587608900.0
TW,TRADEWEB MARKETS INC-CLASS A,586835456.0
HPQ,HP INC,584570519.0
HEI.A,HEICO CORP INC CL A,580455419.0
RBLX,ROBLOX CORP -CLASS A,578436788.0
ROST,ROSS STORES INC,575443359.0
SHEL,SHELL PLC-ADR,571862698.0
RAL,RALLIANT CORP,570141265.0
MDT,MEDTRONIC PLC,568679274.0
ISRG,INTUITIVE SURGICAL INC,568313215.0
CHD,CHURCH & DWIGHT CO INC,567073693.0
NBIX,NEUROCRINE BIOSCIENCES INC,562214120.0
AFRM,AFFIRM HOLDINGS INC,560555552.0
SQ,SQUARE INC - A,558238219.0
NSRGY,NESTLE SA-SPONS ADR,554863285.0
LLYVA,LIBERTY LIVE HOLDINGS-A,553051422.0
C,CITIGROUP INC COM NEW,552181995.0
MAA,MID-AMERICA APARTMENT COMM,538977468.0
XPO,XPO LOGISTICS INC,536722181.0
ENTG,ENTEGRIS INC,533334769.0
OMF,ONEMAIN HOLDINGS INC,528391907.0
TRMD,TORM PLC-A,528239367.0
CE,CELANESE CORP,528231141.0
CPAY,CORPAY INC,527273296.0
CPT,CAMDEN PROPERTY TRUST,524475610.0
CLS,CELESTICA INC,524022878.0
GRAB,GRAB HOLDINGS LTD - CL A,519616120.0
CLH,CLEAN HARBORS INC,518877978.0
FTNT,FORTINET INC,517436434.0
MU,MICRON TECHNOLOGY INC,511935921.0
DKS,DICK'S SPORTING GOODS INC,509370673.0
NWSA,NEWS CORP - CLASS A,507705200.0
ABG,ASBURY AUTOMOTIVE GROUP,501216555.0
LYB,LYONDELLBASELL INDU-CL A,494537266.0
MMC,MARSH & MCLENNAN COS,493969066.0
TXN,TEXAS INSTRUMENTS INC,493875019.0
FOUR,SHIFT4 PAYMENTS INC-CLASS A,492792515.0
STLA,STELLANTIS NV,492674819.0
ADPT,ADAPTIVE BIOTECHNOLOGIES,492388274.0
ROP,ROPER TECHNOLOGIES INC,491936755.0
ALNY,ALNYLAM PHARMACEUTICALS INC,490381980.0
SNX,SYNNEX CORP,483699888.0
SWX,SOUTHWEST GAS HOLDINGS INC,482728972.0
Z,ZILLOW GROUP INC - C,472624340.0
RYCEF,ROLLS-ROYCE HOLDINGS PLC,471136969.0
LPX,LOUISIANA-PACIFIC CORP,469255172.0
HCA,HCA HEALTHCARE INC,468308667.0
FAST,FASTENAL CO,467530111.0
JNJ,JOHNSON & JOHNSON,464732511.0
KDP,KEURIG DR PEPPER INC,464002399.0
UHAL.B,U-HAUL HOLDING CO-NON VOTING,456384598.0
GLPI,GAMING AND LEISURE PROPERTIE,453231723.0
NYT,NEW YORK TIMES CO-A,449546356.0
B,BARRICK MINING CORP,448673157.0
SSNC,SS&C TECHNOLOGIES HOLDINGS,447768812.0
CHWY,CHEWY INC - CLASS A,447386117.0
AEG,AEGON LTD-NY REG SHR,443811801.0
PTC,PTC INC,430286100.0
SATS,ECHOSTAR CORP-A,428910416.0
UAN,CVR PARTNERS LP,426838085.0
UBS,UBS GROUP AG-REG,425957677.0
A,AGILENT TECHNOLOGIES INC,425400811.0
TDS,TELEPHONE AND DATA SYSTEMS,424898826.0
ORLA,ORLA MINING LTD,423610745.0
PCOR,PROCORE TECHNOLOGIES INC,421131067.0
DG,DOLLAR GENERAL CORP,397763992.0
SNPS,SYNOPSYS INC,396857503.0
MRP,MILLROSE PROPERTIES,396661891.0
MCHP,MICROCHIP TECHNOLOGY INC,396066953.0
AJG,ARTHUR J GALLAGHER & CO,391357505.0
NKE,NIKE INC -CL B,385073976.0
WING,WINGSTOP INC,380453080.0
BMY,BRISTOL-MYERS SQUIBB CO,379808313.0
IWF,ISHARES RUSSELL 1000 GROWTH,373009973.0
EBAY,EBAY INC,367607266.0
TOST,TOAST INC-CLASS A,366260793.0
AMT,AMERICAN TOWER CORP,366202501.0
AU,ANGLOGOLD ASHANTI PLC,365716100.0
TME,TENCENT MUSIC ENTERTAINM-ADR,364808854.0
PYPL,PAYPAL HOLDINGS INC,362888758.0
RACE,FERRARI NV,362060856.0
CTRI,CENTURI HOLDINGS INC,361985111.0
SLM,SLM CORP,360520868.0
TIC,ACUREN CORPORATION,358500600.0
WCN,WASTE CONNECTIONS INC,357589728.0
CHYM,CHIME FINANCIAL INC-CL A,357225199.0
WCC,WESCO INTERNATIONAL INC,355859969.0
SAIA,SAIA INC,355443795.0
ZS,ZSCALER INC,355320969.0
THC,TENET HEALTHCARE CORP,355177423.0
CNC,CENTENE CORP,350411509.0
TCOM,TRIPCOM GROUP LTD-ADR,347743672.0
ICLR,ICON PLC,341963295.0
QCOM,QUALCOMM INC,338934152.0
LBRDK,LIBERTY BROADBAND-C,337210586.0
WHR,WHIRLPOOL CORP,336982413.0
OSK,OSHKOSH CORP,336172814.0
PSTG,PURE STORAGE INC - CLASS A,328175176.0
IAG,IAMGOLD CORP,323702113.0
PSX,PHILLIPS 66,323419266.0
AN,AUTONATION INC,321857927.0
COG,CABOT OIL & GAS CORP,313332810.0
EWBC,EAST WEST BANCORP INC,312034089.0
YUM,YUM! BRANDS INC,311718794.0
ANET,ARISTA NETWORKS INC,310276682.0
MEDP,MEDPACE HOLDINGS INC,308225901.0
MKL,MARKEL CORP,305243453.0
EWY,ISHARES MSCI SOUTH KOREA ETF,304338557.0
GTX,GARRETT MOTION INC,302502460.0
ITUB,ITAU UNIBANCO H-SPON PRF ADR,302290137.0
OTIS,OTIS WORLDWIDE CORP,302189596.0
LII,LENNOX INTERNATIONAL INC,301696195.0
AYI,ACUITY BRANDS INC,293930535.0
ARES,ARES MANAGEMENT CORP - A,290603978.0
PRVA,PRIVIA HEALTH GROUP INC,286602758.0
OPCH,OPTION CARE HEALTH INC,286461352.0
MOH,MOLINA HEALTHCARE INC,284577580.0
GRMN,GARMIN LTD,283891618.0
SMCI,SUPER MICRO COMPUTER INC,282089391.0
FIG,FIGMA INC-CL A,281756758.0
SSD,SIMPSON MANUFACTURING CO INC,279726107.0
CSCO,CISCO SYSTEMS INC,278604347.0
ALGN,ALIGN TECHNOLOGY INC,275580861.0
CASY,CASEY'S GENERAL STORES INC,275110297.0
RYAN,RYAN SPECIALTY HOLDINGS INC,274149289.0
MPLX,MPLX LP,272273193.0
CNHI,CNH INDUSTRIAL NV,269749236.0
EGO,ELDORADO GOLD CORP,264371990.0
NRG,NRG ENERGY INC,261636575.0
BLDR,BUILDERS FIRSTSOURCE INC,261008163.0
INDV,INDIVIOR PLC,255058964.0
WEN,WENDY'S CO/THE,253567849.0
KVUE,KENVUE INC,252828265.0
WYNN,WYNN RESORTS LTD,249053138.0
GGG,GRACO INC,245680648.0
EXP,EAGLE MATERIALS INC,244967000.0
LAMR,LAMAR ADVERTISING CO-A NEW,244358513.0
VNOM,VIPER ENERGY INC-CL A,242791949.0
MDLZ,MONDELEZ INTERNATIONAL INC-A,241607826.0
CRL,CHARLES RIVER LABORATORIES,238742451.0
HGV,HILTON GRAND VACATIONS INC,237952755.0
UMGNF,UNIVERSAL MUSIC GROUP NV,237354462.0
VZ,VERIZON COMMUNICATIONS INC,237149773.0
CCCS,CCC INTELLIGENT SOLUTIONS HO,235654023.0
PLXS,PLEXUS CORP,233853480.0
DLR,DIGITAL REALTY TRUST INC,233300823.0
LBTYK,LIBERTY GLOBAL LTD-C,230568000.0
KLAC,KLA CORP,230274671.0
TEVA,TEVA PHARMACEUTICAL-SP ADR,229975254.0
Q,QNITY ELECTRONICS INC,228690301.0
CGNX,COGNEX CORP,227154621.0
TECH,BIO-TECHNE CORP,225988658.0
LOW,LOWE'S COS INC,225633397.0
CNSWF,CONSTELLATION SOFTWARE INC,224317133.0
MTZ,MASTEC INC,224056301.0
ATS,ATS CORP,223664131.0
GPI,GROUP 1 AUTOMOTIVE INC,223561159.0
SLB,SCHLUMBERGER LTD,222967474.0
MSI,MOTOROLA SOLUTIONS INC,221543449.0
CGAU,CENTERRA GOLD INC,221468418.0
RYAAY,RYANAIR HOLDINGS PLC-SP ADR,221091621.0
FLR,FLUOR CORP,220180318.0
PDRDF,PERNOD RICARD SA,219256459.0
GNW,GENWORTH FINANCIAL INC-CL A,219097175.0
TRGP,TARGA RESOURCES CORP,218817000.0
MIDD,MIDDLEBY CORP,218633574.0
JXN,JACKSON FINANCIAL INC-A,217624657.0
AAL,AMERICAN AIRLINES GROUP INC,216919500.0
ERFSF,EUROFINS SCIENTIFIC,214777912.0
SYY,SYSCO CORP,214101975.0
LHX,L3HARRIS TECHNOLOGIES INC,211827590.0
ERJ,EMBRAER SA-SPON ADR,211523940.0
SPY,SPDR S&P 500 ETF TRUST,211148453.0
ARW,ARROW ELECTRONICS INC,210787891.0
HCC,WARRIOR MET COAL INC,210122423.0
UAA,UNDER ARMOUR INC-CLASS A,208535847.0
SMTC,SEMTECH CORP,206427134.0
WST,WEST PHARMACEUTICAL SERVICES,206115078.0
WLTH,WEALTHFRONT CORP,205981958.0
AZN,ASTRAZENECA PLC-SPONS ADR,205787733.0
ADS,ALLIANCE DATA SYSTEMS CORP,205248619.0
VSAT,VIASAT INC,204202034.0
LEA,LEAR CORP,203533955.0
FNF,FIDELITY NATIONAL FINANCIAL,203315488.0
FND,FLOOR & DECOR HOLDINGS INC-A,202663049.0
ULS,UL SOLUTIONS INC - CLASS A,202429125.0
PRI,PRIMERICA INC,201553095.0
AME,AMETEK INC,201121098.0
STX,SEAGATE TECHNOLOGY HOLDINGS,200848812.0
COST,COSTCO WHOLESALE CORP,200381743.0
EQH,EQUITABLE HOLDINGS INC,200130000.0
RS,RELIANCE STEEL & ALUMINUM,199790003.0
CLF,CLEVELAND-CLIFFS INC,198518480.0
LFUS,LITTELFUSE INC,195274213.0
IONS,IONIS PHARMACEUTICALS INC,195000612.0
GPK,GRAPHIC PACKAGING HOLDING CO,194931609.0
TSN,TYSON FOODS INC-CL A,194381393.0
PEGA,PEGASYSTEMS INC,194369838.0
IDCC,INTERDIGITAL INC,193942132.0
KNSL,KINSALE CAPITAL GROUP INC,192796346.0
AERO,GRUPO AEROMEXICO SAB DE CV,189562612.0
SPNT,SIRIUSPOINT LTD,188906278.0
AVT,AVNET INC,188899877.0
MHK,MOHAWK INDUSTRIES INC,187993439.0
MHO,M/I HOMES INC,187234353.0
CNR,CORE NATURAL RESOURCES INC,185913485.0
SN,SHARKNINJA INC,185261304.0
ROIV,ROIVANT SCIENCES LTD,184930915.0
NVR,NVR INC,183952830.0
GPC,GENUINE PARTS CO,183057795.0
HOG,HARLEY-DAVIDSON INC,182344690.0
BHF,BRIGHTHOUSE FINANCIAL INC,180900159.0
KD,KYNDRYL HOLDINGS INC,180357699.0
AS,AMER SPORTS INC,179813732.0
CDNS,CADENCE DESIGN SYS INC,179388099.0
MSGS,MADISON SQUARE GARDEN SPORTS,179211342.0
EPD,ENTERPRISE PRODUCTS PARTNERS,179013101.0
MRK,MERCK & CO INC,178708042.0
CMG,CHIPOTLE MEXICAN GRILL INC,174825000.0
ALRM,ALARMCOM HOLDINGS INC,174361717.0
LBTYA,LIBERTY GLOBAL LTD-A,174185639.0
BR,BROADRIDGE FINANCIAL SOLUTIO,171717933.0
IEX,IDEX CORP,171023650.0
TX,TERNIUM SA-SPONSORED ADR,170602750.0
FIVE,FIVE BELOW,170085501.0
CEG,CONSTELLATION ENERGY,168796645.0
IR,INGERSOLL-RAND INC,168515872.0
PK,PARK HOTELS & RESORTS INC,166376454.0
FG,F&G ANNUITIES & LIFE INC,166261385.0
KWEB,KRANESHARES CSI CHINA INTERN,166215416.0
CMI,CUMMINS INC,165129438.0
BP,BP PLC-SPONS ADR,160934189.0
TTC,TORO CO,160824408.0
WRBY,WARBY PARKER INC-CLASS A,160714433.0
AKAM,AKAMAI TECHNOLOGIES INC,157868667.0
VSEC,VSE CORP,157845782.0
RIOT,RIOT PLATFORMS INC,157474087.0
INGR,INGREDION INC,156972090.0
JBLU,JETBLUE AIRWAYS CORP,152978894.0
FANG,DIAMONDBACK ENERGY INC,150423054.0
DSGX,DESCARTES SYSTEMS GRP/THE,149916307.0
CACC,CREDIT ACCEPTANCE CORP,149299678.0
NAMS,NEWAMSTERDAM PHARMA CO NV,147855394.0
ALGT,ALLEGIANT TRAVEL CO,144779762.0
IT,GARTNER INC,144463190.0
BIO,BIO-RAD LABORATORIES-A,144176275.0
GSHD,GOOSEHEAD INSURANCE INC -A,142443887.0
TFII,TFI INTERNATIONAL INC,142131261.0
AWI,ARMSTRONG WORLD INDUSTRIES,142035648.0
SRAD,SPORTRADAR GROUP AG-A,141581988.0
APA,APA CORP,140529304.0
GLW,CORNING INC,140113712.0
ET,ENERGY TRANSFER LP,139724173.0
CRBG,COREBRIDGE FINANCIAL INC,139212646.0
G,GENPACT LTD,138347851.0
RNR,RENAISSANCERE HOLDINGS LTD,138144592.0
NVT,NVENT ELECTRIC PLC,137498080.0
ACI,ALBERTSONS COS INC - CLASS A,137480413.0
TWLO,TWILIO INC - A,137282224.0
HD,HOME DEPOT INC,135959072.0
PRLB,PROTO LABS INC,135473797.0
IBP,INSTALLED BUILDING PRODUCTS,134684626.0
GNTX,GENTEX CORP,134617136.0
KMX,CARMAX INC,133976256.0
SION,SIONNA THERAPEUTICS INC,132735700.0
BB,BLACKBERRY LTD,132225232.0
WEC,WEC ENERGY GROUP INC,131877730.0
SAPGF,SAP SE,129362653.0
JD,JDCOM INC-ADR,129188888.0
KW,KENNEDY-WILSON HOLDINGS INC,128823827.0
ESTC,ELASTIC NV,127546408.0
LNT,ALLIANT ENERGY CORP,126639480.0
EOG,EOG RESOURCES INC,124858885.0
SDGR,SCHRODINGER INC,124832152.0
ALLE,ALLEGION PLC,124212776.0
YOU,CLEAR SECURE INC -CLASS A,122810660.0
OLN,OLIN CORP,122452444.0
TPC,TUTOR PERINI CORP,121768035.0
CORZ,CORE SCIENTIFIC INC,121586308.0
CIVI,CIVITAS RESOURCES INC,121511545.0
NOK,NOKIA CORP-SPON ADR,121326921.0
HLF,HERBALIFE NUTRITION LTD,120022577.0
CPRI,CAPRI HOLDINGS LTD,118245011.0
USB,US BANCORP,117657844.0
BLCO,BAUSCH + LOMB CORP,117557182.0
BEPC,BROOKFIELD RENEWABLE CORP,116811474.0
SNA,SNAP-ON INC,116625045.0
WSC,WILLSCOT MOBILE MINI HOLDING,116444004.0
GGB,GERDAU SA -SPON ADR,116128068.0
BF.A,BROWN-FORMAN CORP-CLASS A,116049054.0
OC,OWENS CORNING,115071457.0
INBX,INHIBRX BIOSCIENCES INC,113578695.0
MOS,MOSAIC CO/THE,113046443.0
GNRC,GENERAC HOLDINGS INC,112062184.0
ZETA,ZETA GLOBAL HOLDINGS CORP-A,111933303.0
RIG,TRANSOCEAN LTD,111675749.0
SEG,SEAPORT ENTERTAINMENT GROUP,110908711.0
LMT,LOCKHEED MARTIN CORP,110795160.0
JLL,JONES LANG LASALLE INC,110599814.0
NOC,NORTHROP GRUMMAN CORP,110584817.0
GIL,GILDAN ACTIVEWEAR INC,110481996.0
TPG,TPG INC,110024000.0
PEG,PUBLIC SERVICE ENTERPRISE GP,109722321.0
PCAR,PACCAR INC,109510000.0
LUV,SOUTHWEST AIRLINES CO,109429407.0
TMHC,TAYLOR MORRISON HOME CORP,109425967.0
MGM,MGM RESORTS INTERNATIONAL,109112433.0
AMR,ALPHA METALLURGICAL RESOURCE,108534840.0
RDN,RADIAN GROUP INC,108411057.0
MSA,MSA SAFETY INC,107650431.0
CLB,CORE LABORATORIES INC,107086474.0
NMR,NOMURA HOLDINGS INC-SPON ADR,106515530.0
PFE,PFIZER INC,106357134.0
GDS,GDS HOLDINGS LTD - ADR,106264000.0
EQX,EQUINOX GOLD CORP,106245566.0
EQT,EQT CORP,105523070.0
CROX,CROCS INC,105340799.0
GOIXX,FH GOVERNMENT OBLIGATION-IS,105099113.0
VRSK,VERISK ANALYTICS INC,104825879.0
AZO,AUTOZONE INC,104169923.0
NEM,NEWMONT CORP,103483080.0
RPRX,ROYALTY PHARMA PLC- CL A,103205427.0
SWK,STANLEY BLACK & DECKER INC,102745887.0
VTI,VANGUARD TOTAL STOCK MKT ETF,102590273.0
FTAI,FTAI AVIATION LTD,102376960.0
SFIX,STITCH FIX INC-CLASS A,102257878.0
UNM,UNUM GROUP,102223430.0
MNRO,MONRO INC,101774603.0
PHVS,PHARVARIS NV,101379353.0
HRL,HORMEL FOODS CORP,101358193.0
NVO,NOVO-NORDISK A/S-SPONS ADR,100251552.0
OZK,BANK OZK,100217487.0
NSIT,INSIGHT ENTERPRISES INC,99115750.0
AES,AES CORP,98922224.0
KEYS,KEYSIGHT TECHNOLOGIES IN,98612374.0
FIX,COMFORT SYSTEMS USA INC,98222239.0
RLJ,RLJ LODGING TRUST,97898543.0
CBL,CBL & ASSOCIATES PROPERTIES,97599376.0
DECK,DECKERS OUTDOOR CORP,97291807.0
EEFT,EURONET WORLDWIDE INC,97028529.0
MAT,MATTEL INC,96725316.0
YETI,YETI HOLDINGS INC,96705444.0
MTH,MERITAGE HOMES CORP,96419372.0
BIL,SPDR BLOOMBERG 1-3 MONTH T-B,95845779.0
ADSK,AUTODESK INC,95655237.0
BCS,BARCLAYS PLC-SPONS ADR,95452949.0
ETSY,ETSY INC,94660522.0
BIIB,BIOGEN INC,94190004.0
VSCO,VICTORIA'S SECRET & CO,94140364.0
QRVO,QORVO INC,93291000.0
KMI,KINDER MORGAN INC,93224170.0
UPWK,UPWORK INC,92835393.0
ALK,ALASKA AIR GROUP INC,92743136.0
LIN,LINDE PLC,92734250.0
WFG,WEST FRASER TIMBER CO LTD,91957840.0
IWD,ISHARES RUSSELL 1000 VALUE E,91641770.0
NOV,NOV INC,90531507.0
PENN,PENN NATIONAL GAMING INC,89964716.0
DHT,DHT HOLDINGS INC,89946967.0
GRAL,GRAIL INC,89794437.0
ROL,ROLLINS INC,88747313.0
ACWI,ISHARES MSCI ACWI ETF,87874994.0
CCOI,COGENT COMMUNICATIONS HOLDIN,87034421.0
BROS,DUTCH BROS INC-CLASS A,86834081.0
MRVL,MARVELL TECHNOLOGY INC,86229971.0
DLB,DOLBY LABORATORIES INC-CL A,86214836.0
QLYS,QUALYS INC,86093417.0
CHRW,CH ROBINSON WORLDWIDE INC,84399000.0
IVZ,INVESCO LTD,84167699.0
ODD,ODDITY TECH LTD-CL A,83989942.0
HNGE,HINGE HEALTH INC-A,83877134.0
CBZ,CBIZ INC,82332836.0
BC,BRUNSWICK CORP,81417004.0
TAC,TRANSALTA CORP,81246611.0
SCI,SERVICE CORP INTERNATIONAL,80881790.0
ORKA,ORUKA THERAPEUTICS INC,80827374.0
FUL,HB FULLER CO,80429996.0
GLNG,GOLAR LNG LTD,80062041.0
LEN.B,LENNAR CORP - B SHS,80052961.0
ZG,ZILLOW GROUP INC - A,79030468.0
STKL,SUNOPTA INC,78883383.0
CHKP,CHECK POINT SOFTWARE TECH,78785807.0
CPRX,CATALYST PHARMACEUTICALS INC,78511255.0
APTV,APTIV PLC,78379945.0
HTZ,HERTZ GLOBAL HLDGS INC,78339393.0
HMC,HONDA MOTOR CO LTD-SPONS ADR,78087449.0
GLD,SPDR GOLD SHARES,77969237.0
AXS,AXIS CAPITAL HOLDINGS LTD,77235634.0
QXO,QXO INC,77199120.0
WFRD,WEATHERFORD INTERNATIONAL PL,76977163.0
VNT,VONTIER CORP,76457021.0
OKTA,OKTA INC,76391143.0
IAC,IAC INTERACTIVECORP NEW,75838594.0
SD,SANDRIDGE ENERGY INC,75647578.0
SPSC,SPS COMMERCE INC,75280357.0
BIDU,BAIDU INC - SPON ADR,75129500.0
LAB,STANDARD BIOTOOLS INC,75073498.0
NSSC,NAPCO SECURITY TECHNOLOGIES,74744081.0
DEO,DIAGEO PLC-SPONSORED ADR,74722400.0
NATL,NCR ATLEOS CORP,74348075.0
LYFT,LYFT INC-A,73959289.0
DAKT,DAKTRONICS INC,73805344.0
CLX,CLOROX COMPANY,73611648.0
GSL,GLOBAL SHIP LEASE INC-CL A,73181005.0
BAYRY,BAYER AG-SPONSORED ADR,73082408.0
DOCS,DOXIMITY INC-CLASS A,73062089.0
CL,COLGATE-PALMOLIVE CO,72764303.0
LULU,LULULEMON ATHLETICA INC,72312408.0
MANU,MANCHESTER UNITED PLC-CL A,72204348.0
XPEL,XPEL INC,72002063.0
NTNX,NUTANIX INC - A,71185297.0
POWI,POWER INTEGRATIONS INC,71140347.0
FSV,FIRSTSERVICE CORP,70814675.0
GFI,GOLD FIELDS LTD-SPONS ADR,70776178.0
FCX,FREEPORT-MCMORAN INC,70600791.0
BRO,BROWN & BROWN INC,70172964.0
ROK,ROCKWELL AUTOMATION INC,70032600.0
CELH,CELSIUS HOLDINGS INC,69760224.0
HII,HUNTINGTON INGALLS INDUSTRIE,69470520.0
BAP,CREDICORP LTD,69460888.0
KRC,KILROY REALTY CORP,69134911.0
MASI,MASIMO CORP,66895060.0
VRT,VERTIV HOLDINGS CO,66577037.0
CNX,CNX RESOURCES CORP,66326829.0
EXXRF,EXOR NV,66085516.0
CX,CEMEX SAB-SPONS ADR PART CER,66059732.0
CFG,CITIZENS FINANCIAL GROUP,65371608.0
INFY,INFOSYS LTD-SP ADR,63743387.0
BLL,BALL CORP,63564000.0
BF.B,BROWN-FORMAN CORP-CLASS B,63517158.0
WMG,WARNER MUSIC GROUP CORP-CL A,63421879.0
DLTR,DOLLAR TREE INC,63062307.0
WEX,WEX INC,62930940.0
RWAY,RUNWAY GROWTH FINANCE CORP,62774936.0
W,WAYFAIR INC- CLASS A,62769885.0
WDC,WESTERN DIGITAL CORP,62562262.0
REZI,RESIDEO TECHNOLOGIES INC,62260981.0
ECPG,ENCORE CAPITAL GROUP INC,62046776.0
FLEX,FLEX LTD,61797516.0
BZH,BEAZER HOMES USA INC,61755798.0
ENOV,ENOVIS CORP,60717888.0
GPN,GLOBAL PAYMENTS INC,60196302.0
MNDY,MONDAYCOM LTD,59944834.0
BL,BLACKLINE INC,59913295.0
MSGE,MADISON SQUARE GARDEN ENTERT,59733961.0
PHG,KONINKLIJKE PHILIPS NVR- NY,59536221.0
KGC,KINROSS GOLD CORP,59500193.0
NICE,NICE LTD - SPON ADR,59066112.0
ENSG,ENSIGN GROUP INC/THE,58717594.0
ACHC,ACADIA HEALTHCARE CO INC,58479870.0
VBIL,VANGUARD 0-3M T-BILL ETF,58286647.0
GAU,GALIANO GOLD INC,58079396.0
SGOV,ISHARES 0-3 MONTH TREASURY B,57669615.0
CZR,CAESARS ENTERTAINMENT INC,57074150.0
MGA,MAGNA INTERNATIONAL INC,56969812.0
RMD,RESMED INC,56697908.0
AXTA,AXALTA COATING SYSTEMS LTD,56534551.0
NVST,ENVISTA HOLDINGS CORP,56313698.0
WIX,WIXCOM LTD,56100184.0
MICC,MAGNUM ICE CREAM CO NV/THE,56083709.0
RYN,RAYONIER INC,55938772.0
CTVA,CORTEVA INC,55660396.0
FLG,FLAGSTAR FINANCIAL INC,55326969.0
LILAK,LIBERTY LATIN AMERIC-CL C,55143185.0
NGG,NATIONAL GRID PLC-SP ADR,54878695.0
XP,XP INC - CLASS A,54351002.0
ORIC,ORIC PHARMACEUTICALS INC,53764612.0
YY,JOYY INC-ADR,52624041.0
VAL,VALARIS LTD,52590938.0
BULL,WEBULL CORP,52246544.0
CMS,CMS ENERGY CORP,52193094.0
DOOO,BRP INC/CA- SUB VOTING,52188755.0
FBHS,FORTUNE BRANDS HOME & SECURI,52142228.0
RERE,AIHUISHOU INTERNATIONAL -ADR,52105455.0
UAL,UNITED AIRLINES HOLDINGS INC,51996300.0
BTAFF,BRITISH AMERICAN TOBACCO PLC,51399269.0
PCH,POTLATCHDELTIC CORP,51329088.0
JELD,JELD-WEN HOLDING INC,51069027.0
MANH,MANHATTAN ASSOCIATES INC,50736849.0
BRZE,BRAZE INC-A,50509341.0
DAR,DARLING INGREDIENTS INC,50011812.0
ILMN,ILLUMINA INC,49075000.0
VTRSV,VIATRIS INC-W/I,48968215.0
CARG,CARGURUS INC,48840412.0
RELX,RELX PLC - SPON ADR,48074714.0
ALV,AUTOLIV INC,47589679.0
RYI,RYERSON HOLDING CORP,47550287.0
CCK,CROWN HOLDINGS INC,47091302.0
PUK,PRUDENTIAL PLC-ADR,46957340.0
BTSG,BRIGHTSPRING HEALTH SERVICES,46344375.0
NVSEF,NOVARTIS AG-REG,46220731.0
INTC,INTEL CORP,46198098.0
TNC,TENNANT CO,46172950.0
UA,UNDER ARMOUR INC-CLASS C,45395304.0
ABM,ABM INDUSTRIES INC,45267000.0
TDW,TIDEWATER INC,44935514.0
COLD,AMERICOLD REALTY TRUST,44697000.0
GXO,GXO LOGISTICS INC,43679040.0
KRNT,KORNIT DIGITAL LTD,43637419.0
PVH,PVH CORP,43602541.0
GFL,GFL ENVIRONMENTAL INC,43379500.0
HG,HAMILTON INSURANCE GROU-CL B,43325073.0
ANDG,ANDERSEN GROUP INC - A,43315676.0
DV,DOUBLEVERIFY HOLDINGS INC,42767216.0
PIPR,PIPER SANDLER COS,42633605.0
HSIC,HENRY SCHEIN INC,42192915.0
PWFL,POWERFLEET INC,42128729.0
PONY,PONY AI INC,42050000.0
FXI,ISHARES CHINA LARGE-CAP ETF,41640375.0
BFAM,BRIGHT HORIZONS FAMILY SOLUT,41593874.0
ECVT,ECOVYST INC,41396314.0
KBH,KB HOME,40919476.0
VOO,VANGUARD S&P 500 ETF,40850963.0
IPGP,IPG PHOTONICS CORP,40578154.0
DAL,DELTA AIR LINES INC,40051000.0
TRVI,TREVI THERAPEUTICS INC,40047023.0
CRCL,CIRCLE INTERNET GROUP INC,39650000.0
SPB,SPECTRUM BRANDS HOLDINGS INC,39222622.0
OMC,OMNICOM GROUP,39084873.0
ODFL,OLD DOMINION FREIGHT LINE,39028478.0
PAGS,PAGSEGURO DIGITAL LTD-CL A,38998205.0
UVE,UNIVERSAL INSURANCE HOLDINGS,38848841.0
USM,US CELLULAR CORP,38844687.0
SHG,SHINHAN FINANCIAL GROUP-ADR,38504470.0
ADMA,ADMA BIOLOGICS INC,38341465.0
VALE,VALE SA-SP ADR,38148009.0
VIST,VISTA OIL & GAS SAB DE CV,38064285.0
005930,SAMSUNG ELECTRONICS CO LTD,37779561.0
YMM,FULL TRUCK ALLIANCE -SPN ADR,37767067.0
SBLK,STAR BULK CARRIERS CORP,37726784.0
WK,WORKIVA INC,37333916.0
URI,UNITED RENTALS INC,35829743.0
TREX,TREX COMPANY INC,35333839.0
AR,ANTERO RESOURCES CORP,35159951.0
MLHR,HERMAN MILLER INC,35100370.0
BKV,BKV CORPORATION,34967652.0
BAH,BOOZ ALLEN HAMILTON HOLDINGS,34822282.0
HP,HELMERICH & PAYNE,34542324.0
NUVB,NUVATION BIO INC,34464711.0
NMIH,NMI HOLDINGS INC-CLASS A,34385807.0
BCC,BOISE CASCADE CO,34371126.0
WRB,WR BERKLEY CORP,33916834.0
HDB,HDFC BANK LTD-ADR,33606804.0
ITRN,ITURAN LOCATION AND CONTROL,33556231.0
XOM,EXXON MOBIL CORP,33258759.0
AM,ANTERO MIDSTREAM CORP,33210870.0
LH,LABCORP HOLDINGS INC,33093079.0
NBR,NABORS INDUSTRIES LTD,32728619.0
PLD,PROLOGIS INC,32706575.0
SEB,SEABOARD CORP,32380513.0
VLO,VALERO ENERGY CORP,32339530.0
ONON,ON HOLDING AG-CLASS A,32279553.0
SMIN,ISHARES MSCI INDIA SMALL-CAP,32087082.0
CLDT,CHATHAM LODGING TRUST,31901772.0
RBGPF,RECKITT BENCKISER GROUP PLC,31154418.0
CRC,CALIFORNIA RESOURCES CORP,31051184.0
BZ,KANZHUN LTD,31043447.0
NPN,NASPERS LTD N SHS,30731425.0
WB,WEIBO CORP-SPON ADR,30580631.0
LGIH,LGI HOMES INC,30553753.0
AUR,AURORA INNOVATION INC,29956024.0
GMED,GLOBUS MEDICAL INC - A,29845058.0
IDA,IDACORP INC,29741600.0
DNA,GINKGO BIOWORKS HOLDINGS INC,29725934.0
LBRDA,LIBERTY BROADBAND-A,29638995.0
NCLH,NORWEGIAN CRUISE LINE HOLDIN,29503067.0
AMTM,AMENTUM HOLDINGS INC,29375840.0
SABR,SABRE CORP,29238769.0
TRUP,TRUPANION INC,29017431.0
TSCO,TRACTOR SUPPLY COMPANY,28945922.0
HTHT,H WORLD GROUP LTD-ADR,28390723.0
TFC,TRUIST FINANCIAL CORP,27987449.0
PANW,PALO ALTO NETWORKS INC,27929140.0
NWG,NATWEST GROUP PLC -SPON ADR,27777120.0
2318,PING AN INSURANCE GROUP CO H,27551020.0
JEF,JEFFERIES FINANCIAL GROUP IN,27548453.0
ING,ING GROEP NV-SPONSORED ADR,27496176.0
EMBC,EMBECTA CORP,27455939.0
BLND,BLEND LABS INC-A,27433261.0
BTI,BRITISH AMERICAN TOB-SP ADR,27355283.0
TWI,TITAN INTERNATIONAL INC,27339612.0
TEO,TELECOM ARGENTINA SA-SP ADR,27254567.0
BNS,BANK OF NOVA SCOTIA,26488048.0
VEA,VANGUARD FTSE DEVELOPED ETF,26324368.0
OGN,ORGANON & CO,26023163.0
ZIM,ZIM INTEGRATED SHIPPING SERV,25752117.0
TECK,TECK RESOURCES LTD-CLS B,25701126.0
FAF,FIRST AMERICAN FINANCIAL,25694085.0
CG,CARLYLE GROUP INC/THE,25661601.0
AEM,AGNICO EAGLE MINES LTD,25644634.0
QFIN,360 DIGITECH INC,25178876.0
UNF,UNIFIRST CORP/MA,25172100.0
LILA,LIBERTY LATIN AMERIC-CL A,25127226.0
GSM,FERROGLOBE PLC,24866099.0
ZIP,ZIPRECRUITER INC-A,24847442.0
TOU,TOURMALINE OIL CORP,24841076.0
PBH,PRESTIGE CONSUMER HEALTHCARE,24688403.0
KRSP,RICE ACQUISITION CORP 3-A,24660000.0
KEX,KIRBY CORP,24570140.0
FRPT,FRESHPET INC,24440851.0
KN,KNOWLES CORP,24326543.0
LAZ,LAZARD INC,24286312.0
SRTA,STRATA CRITICAL MEDICAL INC,24050000.0
SDHC,SMITH DOUGLAS HOMES CORP,24037280.0
ASTL,ALGOMA STEEL GROUP INC,24032687.0
IWM,ISHARES RUSSELL 2000 ETF,23822380.0
ABBV,ABBVIE INC,23640410.0
OCSL,OAKTREE SPECIALTY LENDING CO,23600289.0
AXL,AMERICAN AXLE & MFG HOLDINGS,23189970.0
FPH,FIVE POINT HOLDINGS LLC-CL A,22996796.0
RMNI,RIMINI STREET INC,22943212.0
YUMC,YUM CHINA HOLDINGS INC,22932244.0
SEE,SEALED AIR CORP,22919688.0
UNLYF,UNILEVER PLC,22813647.0
SMFG,SUMITOMO MITSUI-SPONS ADR,22756711.0
NTRS,NORTHERN TRUST CORP,22687325.0
PEPG,PEPGEN INC,22670645.0
LNC,LINCOLN NATIONAL CORP,22477007.0
OSW,ONESPAWORLD HOLDINGS LTD,22408470.0
SLDE,SLIDE INSURANCE HOLDINGS INC,22399663.0
MCK,MCKESSON CORP,22306146.0
EVH,EVOLENT HEALTH INC - A,22255648.0
GT,GOODYEAR TIRE & RUBBER CO,21900000.0
FLS,FLOWSERVE CORP,21785320.0
PAR,PAR TECHNOLOGY CORP,21667468.0
CRWV,COREWEAVE INC-CL A,21475839.0
CRDO,CREDO TECHNOLOGY GROUP HOLDI,21470546.0
SYF,SYNCHRONY FINANCIAL,21114382.0
BOKF,BOK FINANCIAL CORPORATION,21049512.0
PINS,PINTEREST INC- CLASS A,21036401.0
DUOL,DUOLINGO,20916266.0
INDA,ISHARES MSCI INDIA ETF,20874380.0
BWA,BORGWARNER INC,20862103.0
SEAS,SEAWORLD ENTERTAINMENT INC,20858706.0
CDW,CDW CORP/DE,20684818.0
RBA,RB GLOBAL INC,20527091.0
TBN,TAMBORAN RESOURCES CORP,20465260.0
RUSHA,RUSH ENTERPRISES INC-CL A,20255495.0
NTDOF,NINTENDO CO LTD,20127388.0
IDT,IDT CORP-CLASS B,20074883.0
TRS,TRIMAS CORP,19971644.0
SNN,SMITH & NEPHEW PLC -SPON ADR,19811070.0
NWS,NEWS CORP - CLASS B,19664660.0
RGLD,ROYAL GOLD INC,19545515.0
GTN,GRAY TELEVISION INC,19304316.0
VIPS,VIPSHOP HOLDINGS LTD - ADR,19274989.0
GEOS,GEOSPACE TECHNOLOGIES CORP,19134815.0
LOMA,LOMA NEGRA CIA IND-SPON ADR,18593727.0
UPS,UNITED PARCEL SERVICE-CL B,18572374.0
BXP,BOSTON PROPERTIES INC,18357845.0
UHAL,AMERCO,18332957.0
ROG,ROGERS CORP,18265834.0
MS,MORGAN STANLEY,18261335.0
RYCEY,ROLLS-ROYCE HOLDINGS-SP ADR,18049153.0
IBN,ICICI BANK LTD-SPON ADR,17907784.0
OCN,OCWEN FINANCIAL CORP COM NEW,17896380.0
VRTX,VERTEX PHARMACEUTICALS INC,17748137.0
PRG,PROG HOLDINGS INC,17668000.0
IJGXX,JPMORGAN US GOVT MMKT-L,17587333.0
WEAV,WEAVE COMMUNICATIONS INC,17543093.0
MT,ARCELORMITTAL-NY REGISTERED,17537563.0
CNA,CNA FINANCIAL CORP,17531250.0
GCI,GANNETT CO INC COM NEW,17527227.0
SOPH,SOPHIA GENETICS SA,17469900.0
DINO,HF SINCLAIR CORP,17289722.0
PAYX,PAYCHEX INC,17202915.0
QUAD,QUAD GRAPHICS INC,17166570.0
UL,UNILEVER PLC-SPONSORED ADR,17147429.0
BUDFF,ANHEUSER-BUSCH INBEV SA/NV,17120336.0
PGNY,PROGYNY INC,16908079.0
DANSKE,DANSKE BANK AS,16885504.0
ULCC,FRONTIER GROUP HOLDINGS INC,16879712.0
HPE (Pfd),HP ENTERPRISE CO,16819000.0
DVN,DEVON ENERGY CORP,16771998.0
GWRE,GUIDEWIRE SOFTWARE INC,16720615.0
MTUS,METALLUS INC,16536594.0
AMGN,AMGEN INC,16536132.0
BX,BLACKSTONE INC,16460722.0
TRV,TRAVELERS COS INC/THE,16424788.0
BUR,BURFORD CAPITAL LTD,16368842.0
VUG,VANGUARD GROWTH ETF,16159762.0
SFM,SPROUTS FARMERS MARKET INC,15973835.0
GLPG,GALAPAGOS NV-SPON ADR,15785794.0
BGC,BGC GROUP INC-A,15710370.0
ADT,ADT INC,15579207.0
VLRS,CONTROLADORA VUELA CIA-ADR,15568354.0
EAF,GRAFTECH INTERNATIONAL LTD,15486347.0
BRCC,BRC INC-A,15468472.0
EW,EDWARDS LIFESCIENCES CORP,15420191.0
SMRT,SMARTRENT INC,15160695.0
SJM,JM SMUCKER CO/THE,14940184.0
TFX,TELEFLEX INC,14898521.0
NEE,NEXTERA ENERGY INC,14892533.0
KKR (Pfd),KKR & CO INC,14856000.0
MAS,MASCO CORP,14839931.0
GEF.B,GREIF INC-CL B,14716395.0
OKE,ONEOK INC,14564000.0
NRP,NATURAL RESOURCE PARTNERS LP,14548244.0
FINV,FINVOLUTION GROUP-ADR,14444878.0
AGCO,AGCO CORP,14209651.0
EQNR,EQUINOR ASA-SPON ADR,14139838.0
JGRW,JENSEN QUALITY GROWTH ETF,14015322.0
SARO,STANDARDAERO INC,13618000.0
WAB,WABTEC CORP,13511598.0
BRKR (Pfd),BRUKER CORP,13137181.0
CEVA,CEVA INC,13078737.0
TBBB,BBB FOODS INC-CLASS A,13076759.0
SLM (Pfd),SLM CORP,13018250.0
SGU,STAR GROUP LP,13014990.0
TIGO,MILLICOM INTL CELLULAR SA,12952724.0
CLFD,CLEARFIELD INC,12839030.0
AFL,AFLAC INC,12723724.0
VRTS,VIRTUS INVESTMENT PARTNERS,12616000.0
ASH,ASHLAND GLOBAL HOLDINGS INC,12495361.0
VLTO,VERALTO CORP,12405947.0
ATUS,ALTICE USA INC- A,12375000.0
TKR,TIMKEN CO,12344000.0
EWT,ISHARES MSCI TAIWAN ETF,12092364.0
HOFT,HOOKER FURNISHINGS CORP,12043653.0
FOSL,FOSSIL GROUP INC,11973400.0
MPAA,MOTORCAR PARTS OF AMERICA IN,11849966.0
FGXXX,FIRST AM GOV OBLIG-X,11772451.0
COYA,COYA THERAPEUTICS INC,11750452.0
FIGXX,FIDELITY INV MMKT GOVT-I,11588154.0
BDX,BECTON DICKINSON AND CO,11512063.0
DIDI,DIDI GLOBAL INC,11451538.0
GLOB,GLOBANT SA,11410764.0
BHC,BAUSCH HEALTH COS INC,11259000.0
EMR,EMERSON ELECTRIC CO,11127643.0
FDS,FACTSET RESEARCH SYSTEMS INC,10907371.0
CNDT,CONDUENT INC,10720099.0
PTEN,PATTERSON-UTI ENERGY INC,10643699.0
HTZWW,HERTZ GLOBAL HLDGS INC -CW51,10642280.0
JRVR,JAMES RIVER GROUP HOLDINGS I,10628959.0
FIGS,FIGS INC-CLASS A,10501502.0
VSS,VANGUARD FTSE ALL WO X-US SC,10453057.0
TGT,TARGET CORP,10264250.0
MDXG,MIMEDX GROUP INC,10039192.0
CR,CRANE CO,10033176.0
MMYT,MAKEMYTRIP LTD,10003646.0
UGI,UGI CORP,9806660.0
KALU,KAISER ALUMINUM CORP,9804794.0
ONTO,ONTO INNOVATION INC,9749649.0
MO,ALTRIA GROUP INC,9742910.0
ST,SENSATA TECHNOLOGIES HOLDING,9726145.0
MBI,MBIA INC,9664453.0
EGAN,EGAIN CORP,9623928.0
LKQ,LKQ CORP,9612000.0
DOV,DOVER CORP,9609256.0
TWFG,TWFG INC,9537571.0
CHKEL,CHESAPEAKE ENERGY CORP -CW26,9496047.0
THRY,THRYV HOLDINGS INC,9443493.0
SUPN,SUPERNUS PHARMACEUTICALS INC,9417802.0
COLL,COLLEGIUM PHARMACEUTICAL INC,9417466.0
IVV,ISHARES CORE S&P 500 ETF,9362445.0
UMBF,UMB FINANCIAL CORP,9001305.0
SKY,CHAMPION HOMES INC,8991561.0
AMH,AMERICAN HOMES 4 RENT- A,8940235.0
TTE,TOTALENERGIES SE,8837588.0
PSKY,PARAMOUNT SKYDANCE CL B,8831420.0
NTSK,NETSKOPE INC-CL A,8770000.0
FIGR,FIGURE TECHNOLOGY SOLUT-CL A,8690875.0
ACWX,ISHARES MSCI ACWI EX US ETF,8509462.0
FSM,FORTUNA MINING CORP,8474045.0
AMLP,ALERIAN MLP ETF,8289673.0
GD,GENERAL DYNAMICS CORP,8189734.0
SHC,SOTERA HEALTH CO,8136803.0
CTO,CTO REALTY GROWTH INC,7992609.0
EFA,ISHARES MSCI EAFE ETF,7970908.0
PB,PROSPERITY BANCSHARES INC,7889830.0
AGX,ARGAN INC,7797282.0
WGS,GENEDX HOLDINGS CORP,7785522.0
MYRG,MYR GROUP INC/DELAWARE,7768549.0
MX,MAGNACHIP SEMICONDUCTOR CORP,7583387.0
NDAQ,NASDAQ INC,7508000.0
DIN,DINE BRANDS GLOBAL INC,7360000.0
CLCO,COOL CO LTD,7119500.0
PRA,PROASSURANCE CORP,7078638.0
BATRA,ATLANTA BRAVES HOLDINGS IN-A,6986971.0
PTLO,PORTILLO'S INC-CL A,6968855.0
DGX,QUEST DIAGNOSTICS INC,6941000.0
TROW,T ROWE PRICE GROUP INC,6772437.0
NOMD,NOMAD FOODS LTD,6740038.0
GLIBK,GCI LIBERTY INC-CL C,6739549.0
ON,ON SEMICONDUCTOR CORP,6736135.0
TEM,TEMPUS AI INC,6717292.0
LXU,LSB INDUSTRIES INC,6710300.0
SWIM,LATHAM GROUP INC,6697885.0
STXS,STEREOTAXIS INC,6632869.0
AXGN,AXOGEN INC,6607401.0
DLO,DLOCAL LTD/URUGUAY,6600679.0
NTPXX,NORTHERN INST TRSRY-PRM,6599705.0
BE,BLOOM ENERGY CORP- A,6554460.0
MTLS,MATERIALISE NV-ADR,6514845.0
KLIC,KULICKE & SOFFA INDUSTRIES,6491000.0
POWL,POWELL INDUSTRIES INC,6484304.0
SPRY,ARS PHARMACEUTICALS INC,6480161.0
FITB,FIFTH THIRD BANCORP,6366000.0
VTOL,BRISTOW GROUP INC,6331488.0
CTEV,CLARITEV CORP,6198750.0
REYN,REYNOLDS CONSUMER PRODUCTS I,6143000.0
DC,DAKOTA GOLD CORP,6134400.0
AMBC,AMBAC FINANCIAL GROUP INC,6084684.0
FR,FIRST INDUSTRIAL REALTY TR,5997773.0
CDLX,CARDLYTICS INC,5977777.0
AFLYY,AIR FRANCE-KLM-ADR,5977538.0
SNDA,SONIDA SENIOR LIVING INC,5906528.0
MOMO,HELLO GROUP INC -SPN ADR,5825550.0
ITT,ITT INC,5771637.0
PPTA,PERPETUA RESOURCES CORP,5761980.0
PCG (Pfd),PG&E CORP,5740000.0
WAL,WESTERN ALLIANCE BANCORP,5737946.0
DJCO,DAILY JOURNAL CORP,5604000.0
BWXT,BWX TECHNOLOGIES INC,5587572.0
BATRK,ATLANTA BRAVES HOLDINGS IN-C,5583437.0
GDX,VANECK GOLD MINERS ETF,5571619.0
HCI,HCI GROUP INC,5565144.0
ITIC,INVESTORS TITLE CO,5465618.0
EHC,ENCOMPASS HEALTH CORP,5377052.0
ARVN,ARVINAS INC,5370078.0
OAS,OASIS PETROLEUM INC,5354908.0
NET,CLOUDFLARE INC - CLASS A,5312798.0
SKYT,SKYWATER TECHNOLOGY INC,5270432.0
INMD,INMODE LTD,5210514.0
CET,CENTRAL SECURITIES CORP,5162887.0
OPY,OPPENHEIMER HOLDINGS-CL A,5157313.0
AGPXX,INVESCO GVT & AGNCY-INST,5128200.0
KFY,KORN FERRY,5080000.0
HON,HONEYWELL INTERNATIONAL INC,5072000.0
KLAR,KLARNA GROUP PLC,5059250.0
PATK,PATRICK INDUSTRIES INC,5014888.0
CALM,CAL-MAINE FOODS INC,4933340.0
TPH,TRI POINTE HOMES INC,4904757.0
BBW,BUILD-A-BEAR WORKSHOP INC,4779060.0
VT,VANGUARD TOT WORLD STK ETF,4738429.0
ICFI,ICF INTERNATIONAL INC,4509299.0
MMM,3M CO,4455423.0
KMT,KENNAMETAL INC,4339769.0
RHLD,RESOLUTE HOLDINGS MANAG,4317483.0
FNMA,FANNIE MAE,4292000.0
IESC,IES HOLDINGS INC,4256268.0
ASIX,ADVANSIX INC,4254935.0
CF,CF INDUSTRIES HOLDINGS INC,4230498.0
FLYX,FLYEXCLUSIVE INC,4200420.0
CECE,CECO ENVIRONMENTAL CORP,4176034.0
ARLP,ALLIANCE RESOURCE PARTNERS,4151085.0
AMG,AFFILIATED MANAGERS GROUP,4098765.0
WY,WEYERHAEUSER CO,4064778.0
FMCC,FREDDIE MAC,4056000.0
PHIN,PHINIA INC,4038176.0
ALG,ALAMO GROUP INC,4030391.0
FWONA,LIBERTY MEDIA CORP-LIB-NEW-A,4028088.0
BXC,BLUELINX HOLDINGS INC,3952345.0
CTLP,CANTALOUPE INC,3929538.0
CRMT,AMERICA'S CAR-MART INC,3915300.0
GL,GLOBE LIFE INC,3892723.0
MSTR,MICROSTRATEGY INC-CL A,3836737.0
BELFB,BEL FUSE INC-CL B,3820407.0
BLSH,BULLISH,3787000.0
TJX,TJX COMPANIES INC,3770357.0
FFIV,F5 NETWORKS INC,3599166.0
PBF,PBF ENERGY INC-CLASS A,3554076.0
DCI,DONALDSON CO INC,3552606.0
SBSI,SOUTHSIDE BANCSHARES INC,3551953.0
BCO,BRINK'S CO/THE,3548592.0
OCFC,OCEANFIRST FINANCIAL CORP,3460886.0
LEVI,LEVI STRAUSS & CO- CLASS A,3450411.0
LEGH,LEGACY HOUSING CORP,3429176.0
KARO,KAROOOOO LTD,3404356.0
BATL,BATTALION OIL CORP,3401200.0
KNX,KNIGHT-SWIFT TRANSPORTATION,3330916.0
JOBY,JOBY AVIATION INC,3300884.0
ODV,OSISKO DEVELOPMENT CORP,3273110.0
VWO,VANGUARD FTSE EMERGING MARKE,3255759.0
GWW,WW GRAINGER INC,3168417.0
BYD,BOYD GAMING CORP,3106230.0
SOFI,SOFI TECHNOLOGIES INC,3074841.0
ALVOW,ALVOTECH SA -27,3032866.0
CABJF,CARLSBERG AS-B,3032518.0
CPB,CAMPBELL SOUP CO,2990953.0
ATRO,ASTRONICS CORP,2912200.0
NDSN,NORDSON CORP,2897182.0
NXPI,NXP SEMICONDUCTORS NV,2886464.0
RLYB,RALLYBIO CORP,2878037.0
RHI,ROBERT HALF INTL INC,2843652.0
ETOR,ETORO GROUP LTD-A,2810400.0
SOLS,SOLSTICE ADV MATERIALS INC,2803000.0
DGEAF,DIAGEO PLC,2799618.0
MKC,MCCORMICK & CO-NON VTG SHRS,2769761.0
REAL,REALREAL INC/THE,2762889.0
GNE,GENIE ENERGY LTD-B,2622499.0
IRMD,IRADIMED CORP,2615956.0
DAVE,DAVE INC,2613745.0
HURN,HURON CONSULTING GROUP INC,2608520.0
CCJ,CAMECO CORP,2577639.0
HSY,HERSHEY CO/THE,2529522.0
IE,IVANHOE ELECTRIC INC / US,2522954.0
GLIBA,GCI LIBERTY INC-CL A,2508745.0
DD,DUPONT DE NEMOURS INC,2468280.0
FRPH,FRP HOLDINGS INC,2448307.0
FRFHF,FAIRFAX FINANCIAL HLDGS LTD,2408006.0
TFPM,TRIPLE FLAG PRECIOUS MET,2391840.0
GPRO,GOPRO INC-CLASS A,2388343.0
LASR,NLIGHT INC,2311516.0
NAVI,NAVIENT CORP,2284022.0
AMPX,AMPRIUS TECHNOLOGIES INC,2274608.0
CATH,GLOBAL X S&P 500 CA VAL ETF,2266661.0
VET,VERMILION ENERGY INC,2224595.0
COCXF,CHOCOLADEFABRIKEN LINDT-REG,2203850.0
CAG,CONAGRA BRANDS INC,2200101.0
PL,PLANET LABS PBC,2199529.0
SNEX,STONEX GROUP INC,2197738.0
FSLR,FIRST SOLAR INC,2168731.0
BKD,BROOKDALE SENIOR LIVING INC,2164345.0
MTG,MGIC INVESTMENT CORP,2162280.0
WSBF,WATERSTONE FINANCIAL INC,2114594.0
ATMU,ATMUS FILTRATION TECHNOLOGIE,2104950.0
HOLX,HOLOGIC INC,2085720.0
GLDM,SPDR GOLD MINISHARES TRUST,2047087.0
KNCRF,KONECRANES OYJ,2034682.0
ALVO,ALVOTECH SA,2023114.0
ATEC,ALPHATEC HOLDINGS INC,2014811.0
GH,GUARDANT HEALTH INC,2008787.0
URTH,ISHARES MSCI WORLD ETF,1974921.0
CASH,PATHWARD FINANCIAL INC,1944619.0
FTI,TECHNIPFMC PLC,1935018.0
MOD,MODINE MANUFACTURING CO,1910395.0
WBS,WEBSTER FINANCIAL CORP,1877689.0
AEBI,AEBI SCHMIDT HOLDING AG,1861000.0
MIR,MIRION TECHNOLOGIES INC,1859993.0
IBM,INTL BUSINESS MACHINES CORP,1829985.0
SSPPF,SSP GROUP PLC,1828730.0
GANX,GAIN THERAPEUTICS INC,1822939.0
GTES,GATES INDUSTRIAL CORP PLC,1803000.0
BFLY,BUTTERFLY NETWORK INC,1797290.0
PTGX,PROTAGONIST THERAPEUTICS INC,1777282.0
PTON,PELOTON INTERACTIVE INC-A,1744851.0
PWR,QUANTA SERVICES INC,1734667.0
RDVT,RED VIOLET INC,1727180.0
IRS,IRSA -SP ADR,1702148.0
KT,KT CORP-SP ADR,1658149.0
BBY,BEST BUY CO INC,1655514.0
GTLS,CHART INDUSTRIES INC,1634167.0
FLUIF,FLUIDRA SA,1604815.0
LRLCF,L'OREAL,1595200.0
METC,RAMACO RESOURCES INC-A,1593126.0
DVDCF,DAVIDE CAMPARI-MILANO NV,1574663.0
SSTI,SOUNDTHINKING INC,1573406.0
EZA,ISHARES MSCI SOUTH AFRICA ET,1548000.0
CENTA,CENTRAL GARDEN AND PET CO-A,1532000.0
IART,INTEGRA LIFESCIENCES HOLDING,1528000.0
MTB,M & T BANK CORP,1519159.0
DELHF,DE'LONGHI SPA,1511077.0
KTOS,KRATOS DEFENSE & SECURITY,1495199.0
FBAK,FIRST NATIONAL BANK ALASKA,1474770.0
CWK,CUSHMAN & WAKEFIELD LTD,1433000.0
ECTXF,ELECTROLUX PROFESSIONAL AB-B,1414501.0
GRP.U,GRANITE REAL ESTATE INVESTME,1412750.0
ZION,ZIONS BANCORP NA,1410990.0
H,HYATT HOTELS CORP - CL A,1390776.0
WILLF,DEMANT A/S,1387383.0
KAR,KAR AUCTION SERVICES INC,1377593.0
CAAP,CORP AMERICA AIRPORTS SA,1349894.0
WIT,WIPRO LTD-ADR,1344175.0
XMTR,XOMETRY INC-A,1327430.0
PGY,PAGAYA TECHNOLOGIES LTD -A,1327087.0
TMDX,TRANSMEDICS GROUP INC,1317226.0
SOI,SOLARIS OILFIELD INFRAST-A,1314604.0
FLMNF,FIELMANN GROUP AG,1314486.0
NMM,NAVIOS MARITIME PARTNERS LP,1300264.0
HMRZF,HENNES & MAURITZ AB-B SHS,1290580.0
ERO,ERO COPPER CORP,1288440.0
ESTA,ESTABLISHMENT LABS HOLDINGS,1273578.0
AGO,ASSURED GUARANTY LTD,1267166.0
AKBLF,ALK-ABELLO A/S,1258098.0
SMHI,SEACOR MARINE HOLDINGS INC,1253214.0
HINKF,HEINEKEN NV,1239322.0
RCII,RENT-A-CENTER INC,1229200.0
ARX,ACCELERANT HOLDINGS-CL A,1226250.0
TRMLF,TOURMALINE OIL CORP,1211049.0
ESQ,ESQUIRE FINANCIAL HOLDINGS I,1195138.0
PUIGF,PUIG BRANDS SA-B,1187557.0
SRI,STONERIDGE INC,1181270.0
PLPC,PREFORMED LINE PRODUCTS CO,1169979.0
LQDA,LIQUIDIA CORP,1156726.0
KOD,KODIAK SCIENCES INC,1155866.0
GGAL,GRUPO FINANCIERO GALICIA-ADR,1152860.0
ROAD,CONSTRUCTION PARTNERS INC-A,1152258.0
CRY,CRYOLIFE INC,1152063.0
KMROF,KALMAR OYJ-B SHARE,1142693.0
EFXT,ENERFLEX LTD,1133555.0
ITB,ISHARES US HOME CONSTRUCTI,1126517.0
GIII,G-III APPAREL GROUP LTD,1124893.0
BIRK,BIRKENSTOCK HOLDING PLC,1120333.0
VSH,VISHAY INTERTECHNOLOGY INC,1116000.0
NSRGF,NESTLE SA-REG,1106186.0
FIBK,FIRST INTERSTATE BANCSYS-A,1099415.0
NTR,NUTRIEN LTD,1096122.0
JBT,JOHN BEAN TECHNOLOGIES CORP,1092358.0
BLBD,BLUE BIRD CORP,1081000.0
FA,FIRST ADVANTAGE CORP,1075000.0
RKLB,ROCKET LAB CORP,1069002.0
VEU,VANGUARD FTSE ALL-WORLD EX-U,1065423.0
LOTB,LOTUS BAKERIES,1060235.0
MIRM,MIRUM PHARMACEUTICALS INC,1055306.0
BAF,BAJAJ FINANCE LTD,1053511.0
AMPY,AMPLIFY ENERGY CORP,1051100.0
XERS,XERIS BIOPHARMA HOLDINGS INC,1047316.0
HAFN,HAFNIA LTD,1046711.0
FULT,FULTON FINANCIAL CORP,1045753.0
TEX,TEREX CORP,1036746.0
HOMB,HOME BANCSHARES INC,1028000.0
FHB,FIRST HAWAIIAN INC,1012000.0
SCHL,SCHOLASTIC CORP,1007420.0
WU,WESTERN UNION CO,1003180.0
CWBC,COMMUNITY WEST BANCSHARES,986940.0
ALSN,ALLISON TRANSMISSION HOLDING,986538.0
PLOW,DOUGLAS DYNAMICS INC,980000.0
NE,NOBLE CORP PLC,978149.0
ASTE,ASTEC INDUSTRIES INC,967942.0
SRRK,SCHOLAR ROCK HOLDING CORP,958616.0
OTEX,OPEN TEXT CORP,958178.0
HRI,HERC HOLDINGS INC,957051.0
AX,AXOS FINANCIAL INC,946554.0
ASHR,XTRACKERS HARVEST CSI 300 CH,946080.0
KURA,KURA ONCOLOGY INC,943900.0
TDUP,THREDUP INC - CLASS A,930480.0
SMR,NUSCALE POWER CORP,915595.0
SFNC,SIMMONS FIRST NATL CORP-CL A,915582.0
ALL,ALLSTATE CORP,915027.0
SWZ,SWISS HELVETIA FUND,909884.0
ORCC,OWL ROCK CAPITAL CORP,879808.0
TSHA,TAYSHA GENE THERAPIES INC,861223.0
ZLDSF,ZALANDO SE,833296.0
GIS,GENERAL MILLS INC,829793.0
CYD,CHINA YUCHAI INTL LTD,829422.0
BRC,BRADY CORPORATION - CL A,823000.0
GHM,GRAHAM CORP,816318.0
WSFS,WSFS FINANCIAL CORP,807664.0
MLR,MILLER INDUSTRIES INC/TENN,803000.0
MEOH,METHANEX CORP,793268.0
PHYS,SPROTT PHYSICAL GOLD TRUST,788154.0
BW,BABCOCK & WILCOX ENTERPR,775255.0
LSTR,LANDSTAR SYSTEM INC,768795.0
MTDR,MATADOR RESOURCES CO,767358.0
RTLLF,RATIONAL AG,757476.0
SIEGY,SIEMENS AG-SPONS ADR,755730.0
OPRT,OPORTUN FINANCIAL CORP,746467.0
ASPI,ASP ISOTOPES INC,746384.0
DOX,AMDOCS LTD,744718.0
HTLD,HEARTLAND EXPRESS INC,724188.0
HBM,HUDBAY MINERALS INC,712873.0
VCTR,VICTORY CAPITAL HOLDING - A,703138.0
GEMI,GEMINI SPACE STATION INC-A,694400.0
LW,LAMB WESTON HOLDINGS INC,693908.0
CPF,CENTRAL PACIFIC FINANCIAL CO,690194.0
NODK,NI HOLDINGS INC,683514.0
AMSC,AMERICAN SUPERCONDUCTOR CORP,678201.0
CW,CURTISS-WRIGHT CORP,667588.0
BSM,BLACK STONE MINERALS LP,662227.0
IHRT,IHEARTMEDIA INC - CLASS A,646947.0
OVV,OVINTIV INC,646126.0
CMPO,COMPOSECURE INC-A,643856.0
FBLA,FB BANCORP INC,642500.0
PBI,PITNEY BOWES INC,641705.0
NUVL,NUVALENT INC-A,639652.0
ALB,ALBEMARLE CORP,638884.0
FROG,JFROG LTD,617355.0
CYTK,CYTOKINETICS INC,608967.0
SES,SES AI CORP,608681.0
AEHR,AEHR TEST SYSTEMS,607941.0
STRL,STERLING CONSTRUCTION CO,597761.0
AAP,ADVANCE AUTO PARTS INC,596535.0
CNXC,CONCENTRIX CORP,580997.0
VOXR,VOX ROYALTY CORP,577901.0
PKG,PACKAGING CORP OF AMERICA,577444.0
IGT,INTERNATIONAL GAME TECHNOLOG,566713.0
AVBC,AVIDIA BANCORP INC,551368.0
DFH,DREAM FINDERS HOMES INC - A,550654.0
LPG,DORIAN LPG LTD,549816.0
VELO,VELO3D INC,548171.0
MRT,MARTI TECHNOLOGIES INC,544946.0
SEIC,SEI INVESTMENTS COMPANY,541003.0
BTG,B2GOLD CORP,538761.0
RUSHB,RUSH ENTERPRISES INC - CL B,534526.0
APEI,AMERICAN PUBLIC EDUCATION,533623.0
CSIQ,CANADIAN SOLAR INC,528241.0
PEYUF,PEYTO EXPLORATION & DEV CORP,527850.0
PRCH,PORCH GROUP INC,490126.0
KRMN,KARMAN HOLDINGS INC,472312.0
SITE,SITEONE LANDSCAPE SUPPLY INC,467474.0
CELC,CELCUITY INC,464788.0
ELE,ELEMENTAL ROYALTY CORP,458750.0
LMB,LIMBACH HOLDINGS INC,458692.0
HQY,HEALTHEQUITY INC,456218.0
LTG,LT GROUP INC,445919.0
MMMB,MAMAMANCINI'S HOLDINGS INC,445022.0
DNLI,DENALI THERAPEUTICS INC,444119.0
SNDK,SANDISK CORP,441527.0
SKYW,SKYWEST INC,439796.0
EWZ,ISHARES MSCI BRAZIL ETF,438426.0
ZGN,ERMENEGILDO ZEGNA NV,438372.0
IMO,IMPERIAL OIL LTD,431970.0
ESPR,ESPERION THERAPEUTICS INC,430280.0
UNFI,UNITED NATURAL FOODS INC,425084.0
OPFI,OPPFI INC,423337.0
PSEC,PROSPECT CAPITAL CORP,422048.0
MYTE,MYT NETHERLANDS PARENT BV,419654.0
MESO,MESOBLAST LTD- SPON ADR,415010.0
AUROW,AURORA INNOVATION INC -CW28,413059.0
NMRK,NEWMARK GROUP INC-CLASS A,409553.0
AVAV,AEROVIRONMENT INC,408552.0
PSNL,PERSONALIS INC,403612.0
MBGYY,MERCEDES-BENZ GROUP-UNSP ADR,399726.0
LESL,LESLIE'S INC,392101.0
BTAI,BIOXCEL THERAPEUTICS INC,385902.0
PRTH,PRIORITY TECHNOLOGY HOLDINGS,383520.0
OLMA,OLEMA PHARMACEUTICALS INC,380150.0
OUT,OUTFRONT MEDIA INC,377816.0
APPN,APPIAN CORP,367164.0
PNTG,PENNANT GROUP INC/THE,365950.0
AXTI,AXT INC,363215.0
OABI,OMNIAB INC,356282.0
ABCL,ABCELLERA BIOLOGICS INC,350577.0
WINA,WINMARK CORP,347843.0
IOO,ISHARES GLOBAL 100 ETF,347418.0
CCSI,CONSENSUS CLOUD SOLUTION,339825.0
DCBO,DOCEBO INC,339660.0
GPS,GAP INC/THE,329216.0
CATO,CATO CORP-CLASS A,325825.0
J,JACOBS SOLUTIONS INC,324262.0
KRSP.WS,RICE ACQUISITION CORP 3,319999.0
HLLY,HOLLEY INC,318142.0
GROY,GOLD ROYALTY CORP,317544.0
TTAN,SERVICETITAN INC-A,316838.0
NTRA,NATERA INC,315228.0
MLI,MUELLER INDUSTRIES INC,312256.0
PIFYF,PINE CLIFF ENERGY LTD,307310.0
JBS,JBS NV-A,302733.0
AZRE,AZURE POWER GLOBAL LTD,299126.0
MLCI,MOUNT LOGAN CAPITAL INC,292919.0
SIVR,ABRDN PHYSICAL SILVER SHARES,287132.0
AMN,AMN HEALTHCARE SERVICES INC,284815.0
SSYS,STRATASYS LTD,282039.0
FMC,FMC CORP,279508.0
RDI,READING INTERNATIONAL INC-A,278250.0
GEF,GREIF INC-CL A,273040.0
ZDGE,ZEDGE INC-CL B,270790.0
MTA,METALLA ROYALTY & STREAMING,264520.0
ASND,ASCENDIS PHARMA A/S - ADR,258234.0
PACB,PACIFIC BIOSCIENCES OF CALIF,256469.0
SYM,SYMBOTIC INC,255731.0
LTH,LIFE TIME GROUP HOLDINGS INC,255407.0
CPS,COOPER-STANDARD HOLDING,250657.0
WRLC,WINDROCK LTD CO,250360.0
EOSE,EOS ENERGY ENTERPRISES INC,241577.0
U,UNITY SOFTWARE INC,240682.0
MNTN,MNTN INC-A,238800.0
AMRK,A-MARK PRECIOUS METALS INC,238350.0
PDS,PRECISION DRILLING CORP COM NEW,236462.0
OBT,ORANGE COUNTY BANCORP INC,228400.0
SERV,SERVE ROBOTICS INC,226627.0
CLW,CLEARWATER PAPER CORP,220980.0
NRZ,NEW RESIDENTIAL INVESTMENT,218000.0
PHJMF,HM SAMPOERNA TBK PT,217392.0
TRC,TEJON RANCH CO,216711.0
CCO,CLEAR CHANNEL OUTDOOR HOLDIN,211966.0
RR,RICHTECH ROBOTICS INC-CL B,207683.0
CFDZF,COFIDE SPA,207442.0
OEC,ORION ENGINEERED CARBONS SA,206749.0
SENEA,SENECA FOODS CORP - CL A,203449.0
OSCR,OSCAR HEALTH INC - CLASS A,197659.0
KEP,KOREA ELEC POWER CORP-SP ADR,184835.0
PGEN,PRECIGEN INC,175957.0
GDYN,GRID DYNAMICS HOLDINGS INC,175028.0
FLYX.WS,EG ACQUISITION CORP-A -CW28,104664.0
CLPR,CLIPPER REALTY INC,86401.0
PBYI,PUMA BIOTECHNOLOGY INC,79195.0
INN,SUMMIT HOTEL PROPERTIES INC,72261.0
RFL,RAFAEL HOLDINGS INC-CLASS B,69910.0
NUVB.WS,NUVATION BIO INC -CW27,33000.0
LRE,LEAD REAL ESTATE CO LTD,29037.0
VTS,VITESSE ENERGY INC,24903.0
WSO,WATSCO INC,18194.0
TYL,TYLER TECHNOLOGIES INC,14648.0
KPLTW,KATAPULT HOLDINGS INC -CW26,944.0
GPL,GREAT PANTHER MINING LTD,47.0
