time_key,open,close,high,low,volume
2024-12-02 04:00:00,550.75,553.03,553.03,550.55,1065
2024-12-02 04:04:00,553.02,553.02,553.02,553.02,191
2024-12-02 04:07:00,552.91,552.91,552.91,552.91,292
2024-12-02 04:14:00,553.0,553.0,553.0,553.0,156
2024-12-02 04:36:00,552.93,552.93,552.93,552.93,149
2024-12-02 04:38:00,552.91,552.91,552.91,552.91,116
2024-12-02 04:39:00,552.97,552.97,552.97,552.97,216
2024-12-02 04:42:00,552.96,553.0,553.0,552.96,1451
2024-12-02 04:47:00,552.96,552.96,552.96,552.96,203
2024-12-02 04:56:00,552.9,552.9,552.9,552.9,241
2024-12-02 05:00:00,552.81,552.81,552.81,552.81,314
2024-12-02 05:10:00,552.85,552.85,552.85,552.85,213
2024-12-02 05:20:00,552.94,552.94,552.94,552.94,102
2024-12-02 05:27:00,552.96,552.95,552.96,552.95,506
2024-12-02 05:54:00,553.06,553.06,553.06,553.06,242
2024-12-02 06:25:00,553.25,553.25,553.25,553.25,129
2024-12-02 06:27:00,553.2,553.2,553.2,553.2,139
2024-12-02 06:48:00,553.24,553.24,553.24,553.24,168
2024-12-02 06:59:00,553.34,553.36,553.36,553.34,370
2024-12-02 07:00:00,553.3,553.31,553.4,553.28,2016
2024-12-02 07:04:00,553.35,553.39,553.39,553.35,300
2024-12-02 07:18:00,553.61,553.61,553.61,553.61,115
2024-12-02 07:30:00,553.87,553.87,553.87,553.87,260
2024-12-02 07:55:00,553.75,553.76,553.76,553.75,325
2024-12-02 08:00:00,553.3688,553.1,553.82,553.1,6435
2024-12-02 08:01:00,553.75,553.75,553.75,553.75,605
2024-12-02 08:02:00,553.75,553.75,553.75,553.75,512
2024-12-02 08:03:00,553.77,553.77,553.77,553.75,340
2024-12-02 08:11:00,553.94,553.94,553.94,553.94,290
2024-12-02 08:12:00,553.9899,553.9899,553.9899,553.9899,451
2024-12-02 08:20:00,554.16,554.16,554.16,554.16,327
2024-12-02 08:27:00,554.12,554.07,554.12,554.07,628
2024-12-02 08:31:00,554.06,554.06,554.06,554.06,1585
2024-12-02 08:32:00,554.0,554.0,554.0,554.0,316
2024-12-02 08:33:00,553.99,553.99,553.99,553.98,316
2024-12-02 08:41:00,553.96,553.88,553.96,553.86,968
2024-12-02 08:43:00,553.96,553.92,553.96,553.92,402
2024-12-02 08:44:00,553.94,553.94,553.94,553.94,345
2024-12-02 08:45:00,553.95,553.81,553.95,553.81,874
2024-12-02 08:49:00,553.8,553.8,553.8,553.8,289
2024-12-02 08:55:00,553.9,553.9,553.9,553.9,454
2024-12-02 08:56:00,553.83,553.83,553.83,553.83,253
2024-12-02 08:58:00,553.94,553.94,553.94,553.94,182
2024-12-02 08:59:00,554.04,554.04,554.04,554.04,379
2024-12-02 09:01:00,554.14,554.14,554.14,554.14,262
2024-12-02 09:02:00,554.09,554.09,554.09,554.09,484
2024-12-02 09:04:00,554.0716,554.0716,554.0716,554.0716,258
2024-12-02 09:05:00,554.2,554.19,554.21,554.19,838
2024-12-02 09:06:00,554.18,554.1599,554.18,554.14,694
2024-12-02 09:07:00,554.12,554.07,554.12,554.049,777
2024-12-02 09:09:00,554.09,554.07,554.09,554.07,349
2024-12-02 09:10:00,554.0,554.0,554.0,554.0,492
2024-12-02 09:12:00,553.97,553.97,553.97,553.97,229
2024-12-02 09:15:00,554.0,554.0,554.0,554.0,173
2024-12-02 09:18:00,554.03,553.99,554.03,553.99,646
2024-12-02 09:19:00,554.0,554.0,554.0,554.0,267
2024-12-02 09:20:00,554.0099,553.96,554.0099,553.95,1280
2024-12-02 09:22:00,554.02,554.04,554.04,554.01,719
2024-12-02 09:23:00,554.06,554.11,554.13,554.06,1385
2024-12-02 09:24:00,554.12,554.11,554.13,554.11,713
2024-12-02 09:25:00,554.08,554.05,554.08,554.02,5240
2024-12-02 09:26:00,554.07,554.12,554.12,554.03,4055
2024-12-02 09:27:00,554.13,554.15,554.15,554.12,6354
2024-12-02 09:28:00,554.17,554.3,554.3,554.17,14313
2024-12-02 09:29:00,554.34,554.33,554.43,554.33,4856
2024-12-02 09:30:00,554.36,554.79,554.79,554.225,233672
2024-12-02 09:31:00,554.75,554.64,554.8,554.6,27114
2024-12-02 09:32:00,554.71,554.81,554.83,554.66,15379
2024-12-02 09:33:00,554.726,554.8282,554.84,554.645,88434
2024-12-02 09:34:00,554.8312,554.81,554.9867,554.7752,22312
2024-12-02 09:35:00,554.76,554.71,554.76,554.5816,60440
2024-12-02 09:36:00,554.6195,554.67,554.78,554.595,21390
2024-12-02 09:37:00,554.67,554.52,554.67,554.4487,13094
2024-12-02 09:38:00,554.52,554.5497,554.56,554.475,18783
2024-12-02 09:39:00,554.56,554.41,554.56,554.34,25683
2024-12-02 09:40:00,554.41,554.57,554.57,554.3901,7732
2024-12-02 09:41:00,554.58,554.54,554.58,554.4486,8745
2024-12-02 09:42:00,554.4935,554.38,554.4935,554.21,137174
2024-12-02 09:43:00,554.39,554.338,554.39,554.24,16013
2024-12-02 09:44:00,554.26,554.32,554.329,554.13,15799
2024-12-02 09:45:00,554.31,554.39,554.53,554.23,162688
2024-12-02 09:46:00,554.4241,554.51,554.539,554.38,6864
2024-12-02 09:47:00,554.5,554.33,554.5,554.31,14097
2024-12-02 09:48:00,554.44,554.47,554.49,554.4236,11693
2024-12-02 09:49:00,554.439,554.53,554.6,554.42,13932
2024-12-02 09:50:00,554.6,554.37,554.65,554.37,11757
2024-12-02 09:51:00,554.4,554.245,554.4,554.24,25572
2024-12-02 09:52:00,554.21,554.25,554.25,554.1401,7636
2024-12-02 09:53:00,554.22,554.28,554.29,554.185,6204
2024-12-02 09:54:00,554.25,554.29,554.3291,554.22,7387
2024-12-02 09:55:00,554.255,554.1895,554.28,554.1305,11011
2024-12-02 09:56:00,554.1551,554.0651,554.16,554.04,12238
2024-12-02 09:57:00,554.0456,554.03,554.1,554.0,14870
2024-12-02 09:58:00,554.0323,554.12,554.12,553.89,25605
2024-12-02 09:59:00,554.13,554.24,554.24,554.13,7477
2024-12-02 10:00:00,554.27,554.535,554.56,554.25,22938
2024-12-02 10:01:00,554.53,554.46,554.55,554.44,11152
2024-12-02 10:02:00,554.44,554.26,554.47,554.26,7737
2024-12-02 10:03:00,554.28,554.2499,554.28,554.12,10748
2024-12-02 10:04:00,554.27,554.24,554.27,554.16,7803
2024-12-02 10:05:00,554.23,554.35,554.37,554.18,8136
2024-12-02 10:06:00,554.37,554.22,554.37,554.14,10512
2024-12-02 10:07:00,554.189,554.37,554.41,554.12,8335
2024-12-02 10:08:00,554.35,554.259,554.42,554.23,33369
2024-12-02 10:09:00,554.2,554.18,554.28,554.18,21315
2024-12-02 10:10:00,554.18,554.2,554.215,554.125,9713
2024-12-02 10:11:00,554.26,554.37,554.37,554.22,9369
2024-12-02 10:12:00,554.37,554.4,554.44,554.265,7694
2024-12-02 10:13:00,554.39,554.35,554.44,554.35,6876
2024-12-02 10:14:00,554.37,554.37,554.398,554.33,9054
2024-12-02 10:15:00,554.4,554.4801,554.5397,554.4,6706
2024-12-02 10:16:00,554.47,554.47,554.48,554.4473,7714
2024-12-02 10:17:00,554.4826,554.4136,554.49,554.35,9413
2024-12-02 10:18:00,554.4368,554.3699,554.4368,554.35,5667
2024-12-02 10:19:00,554.35,554.2205,554.35,554.18,163643
2024-12-02 10:20:00,554.21,554.26,554.31,554.12,12187
2024-12-02 10:21:00,554.27,554.2499,554.28,554.2257,6892
2024-12-02 10:22:00,554.24,554.28,554.29,554.2384,5040
2024-12-02 10:23:00,554.305,554.3,554.3788,554.3,19053
2024-12-02 10:24:00,554.342,554.3536,554.355,554.32,5138
2024-12-02 10:25:00,554.39,554.4,554.46,554.39,7600
2024-12-02 10:26:00,554.3675,554.5,554.5,554.3675,36533
2024-12-02 10:27:00,554.46,554.49,554.6084,554.445,9546
2024-12-02 10:28:00,554.5,554.56,554.56,554.5,4987
2024-12-02 10:29:00,554.5949,554.59,554.5949,554.4501,8735
2024-12-02 10:30:00,554.565,554.585,554.585,554.4564,6524
2024-12-02 10:31:00,554.605,554.67,554.68,554.56,8945
2024-12-02 10:32:00,554.69,554.746,554.79,554.65,19176
2024-12-02 10:33:00,554.755,554.77,554.78,554.732,7126
2024-12-02 10:34:00,554.7749,554.77,554.82,554.743,10427
2024-12-02 10:35:00,554.765,554.7699,554.7699,554.6801,6453
2024-12-02 10:36:00,554.7813,554.78,554.91,554.77,5415
2024-12-02 10:37:00,554.66,554.7,554.71,554.5,10563
2024-12-02 10:38:00,554.715,554.72,554.73,554.5601,7860
2024-12-02 10:39:00,554.72,554.74,554.77,554.69,5534
2024-12-02 10:40:00,554.75,554.8,554.8,554.75,5934
2024-12-02 10:41:00,554.83,554.82,554.835,554.7532,9525
2024-12-02 10:42:00,554.83,554.815,554.849,554.805,3900
2024-12-02 10:43:00,554.83,554.82,554.91,554.82,5965
2024-12-02 10:44:00,554.82,554.685,554.82,554.67,13319
2024-12-02 10:45:00,554.69,554.6799,554.75,554.67,12733
2024-12-02 10:46:00,554.7,554.705,554.73,554.69,10014
2024-12-02 10:47:00,554.725,554.67,554.74,554.66,9787
2024-12-02 10:48:00,554.665,554.67,554.7,554.59,12322
2024-12-02 10:49:00,554.69,554.79,554.81,554.675,14232
2024-12-02 10:50:00,554.75,554.39,554.77,554.36,26878
2024-12-02 10:51:00,554.37,554.36,554.5,554.36,12573
2024-12-02 10:52:00,554.3,554.4251,554.455,554.24,15655
2024-12-02 10:53:00,554.4502,554.4402,554.46,554.39,11040
2024-12-02 10:54:00,554.4294,554.44,554.44,554.38,6309
2024-12-02 10:55:00,554.42,554.2163,554.42,554.0925,18067
2024-12-02 10:56:00,554.2,554.1047,554.23,554.09,8083
2024-12-02 10:57:00,554.09,553.9836,554.09,553.9,13866
2024-12-02 10:58:00,553.9999,554.055,554.11,553.96,11170
2024-12-02 10:59:00,554.0699,554.09,554.1174,553.945,16755
2024-12-02 11:00:00,554.11,554.085,554.11,554.065,9149
2024-12-02 11:01:00,554.16,554.065,554.16,554.06,16675
2024-12-02 11:02:00,554.06,553.94,554.07,553.9,7779
2024-12-02 11:03:00,553.94,553.99,554.0425,553.94,20264
2024-12-02 11:04:00,553.99,553.9601,554.01,553.92,10738
2024-12-02 11:05:00,554.01,554.115,554.13,553.9795,6818
2024-12-02 11:06:00,554.11,554.275,554.28,554.1,6234
2024-12-02 11:07:00,554.2651,554.34,554.3899,554.235,34726
2024-12-02 11:08:00,554.3664,554.32,554.3799,554.3,6204
2024-12-02 11:09:00,554.41,554.5551,554.575,554.3857,12590
2024-12-02 11:10:00,554.5608,554.6,554.6601,554.55,32366
2024-12-02 11:11:00,554.6,554.476,554.651,554.476,6898
2024-12-02 11:12:00,554.44,554.575,554.575,554.44,5449
2024-12-02 11:13:00,554.59,554.63,554.63,554.58,4451
2024-12-02 11:14:00,554.6259,554.5799,554.6259,554.49,6594
2024-12-02 11:15:00,554.59,554.57,554.62,554.549,7640
2024-12-02 11:16:00,554.56,554.68,554.685,554.5548,7288
2024-12-02 11:17:00,554.6299,554.61,554.63,554.553,5440
2024-12-02 11:18:00,554.6,554.555,554.61,554.54,5299
2024-12-02 11:19:00,554.6374,554.66,554.71,554.63,4429
2024-12-02 11:20:00,554.66,554.59,554.68,554.52,6780
2024-12-02 11:21:00,554.62,554.48,554.62,554.465,8479
2024-12-02 11:22:00,554.4693,554.41,554.48,554.3933,9602
2024-12-02 11:23:00,554.45,554.425,554.45,554.38,5577
2024-12-02 11:24:00,554.4102,554.4899,554.4899,554.4102,7457
2024-12-02 11:25:00,554.49,554.5501,554.5501,554.4302,6868
2024-12-02 11:26:00,554.57,554.62,554.628,554.559,9739
2024-12-02 11:27:00,554.63,554.63,554.67,554.63,3467
2024-12-02 11:28:00,554.665,554.65,554.6799,554.63,4394
2024-12-02 11:29:00,554.656,554.64,554.6577,554.59,6525
2024-12-02 11:30:00,554.63,554.69,554.702,554.63,13239
2024-12-02 11:31:00,554.69,554.63,554.69,554.6,7181
2024-12-02 11:32:00,554.655,554.6951,554.6951,554.59,6058
2024-12-02 11:33:00,554.72,554.66,554.725,554.66,6343
2024-12-02 11:34:00,554.64,554.63,554.72,554.58,8538
2024-12-02 11:35:00,554.675,554.665,554.6799,554.665,4761
2024-12-02 11:36:00,554.69,554.67,554.712,554.66,9653
2024-12-02 11:37:00,554.699,554.74,554.74,554.6601,4673
2024-12-02 11:38:00,554.7201,554.75,554.75,554.72,4360
2024-12-02 11:39:00,554.75,554.86,554.92,554.75,61331
2024-12-02 11:40:00,554.8558,554.98,555.0,554.815,19795
2024-12-02 11:41:00,554.9901,555.03,555.04,554.99,9851
2024-12-02 11:42:00,555.05,555.0,555.06,555.0,3320
2024-12-02 11:43:00,555.038,555.015,555.0399,555.015,3792
2024-12-02 11:44:00,555.01,554.93,555.01,554.9,5699
2024-12-02 11:45:00,554.9391,555.01,555.01,554.91,11083
2024-12-02 11:46:00,555.015,555.05,555.05,554.989,6765
2024-12-02 11:47:00,555.1,555.07,555.1,555.0528,77713
2024-12-02 11:48:00,555.09,555.06,555.09,555.06,5634
2024-12-02 11:49:00,555.05,555.12,555.12,555.0287,7258
2024-12-02 11:50:00,555.14,555.15,555.1694,555.1,6539
2024-12-02 11:51:00,555.13,555.125,555.14,555.105,3841
2024-12-02 11:52:00,555.13,555.12,555.1693,555.1,6596
2024-12-02 11:53:00,555.11,554.865,555.11,554.81,12674
2024-12-02 11:54:00,554.9101,554.9,554.925,554.86,8821
2024-12-02 11:55:00,554.895,554.88,554.9263,554.86,6842
2024-12-02 11:56:00,554.87,554.83,554.879,554.745,7689
2024-12-02 11:57:00,554.8432,554.97,555.0,554.8405,5602
2024-12-02 11:58:00,554.97,554.99,554.99,554.95,5832
2024-12-02 11:59:00,554.9853,554.9899,555.0196,554.95,17524
2024-12-02 12:00:00,554.99,555.06,555.06,554.99,4315
2024-12-02 12:01:00,555.055,555.1496,555.16,555.04,8106
2024-12-02 12:02:00,555.175,555.155,555.18,555.15,5469
2024-12-02 12:03:00,555.13,555.1625,555.18,555.1,6059
2024-12-02 12:04:00,555.16,555.18,555.21,555.16,6896
2024-12-02 12:05:00,555.16,555.13,555.16,555.0787,5364
2024-12-02 12:06:00,555.11,555.15,555.15,555.08,3977
2024-12-02 12:07:00,555.14,555.2,555.21,555.135,5721
2024-12-02 12:08:00,555.215,555.23,555.25,555.195,10057
2024-12-02 12:09:00,555.22,555.245,555.28,555.18,20044
2024-12-02 12:10:00,555.254,555.2497,555.2575,555.2,4592
2024-12-02 12:11:00,555.23,555.12,555.23,555.12,11445
2024-12-02 12:12:00,555.12,555.17,555.22,555.115,5871
2024-12-02 12:13:00,555.195,555.22,555.2498,555.19,206893
2024-12-02 12:14:00,555.19,555.19,555.2,555.14,25358
2024-12-02 12:15:00,555.195,555.2163,555.26,555.1839,7618
2024-12-02 12:16:00,555.215,555.165,555.215,555.165,10080
2024-12-02 12:17:00,555.14,555.18,555.195,555.14,4859
2024-12-02 12:18:00,555.17,555.195,555.2,555.16,5817
2024-12-02 12:19:00,555.19,555.125,555.19,555.11,6102
2024-12-02 12:20:00,555.13,555.065,555.17,555.065,9997
2024-12-02 12:21:00,555.0864,555.12,555.1394,555.08,9863
2024-12-02 12:22:00,555.1487,555.15,555.17,555.14,3425
2024-12-02 12:23:00,555.19,555.1986,555.27,555.19,3247
2024-12-02 12:24:00,555.2098,555.2298,555.2426,555.2098,2188
2024-12-02 12:25:00,555.2106,555.15,555.2106,555.14,4441
2024-12-02 12:26:00,555.11,555.0994,555.1299,555.09,3921
2024-12-02 12:27:00,555.07,555.015,555.07,555.0061,6140
2024-12-02 12:28:00,555.0363,554.83,555.0363,554.82,21578
2024-12-02 12:29:00,554.87,554.87,554.9091,554.845,7050
2024-12-02 12:30:00,554.82,554.78,554.82,554.755,9677
2024-12-02 12:31:00,554.78,554.9082,554.92,554.78,7804
2024-12-02 12:32:00,554.92,555.0152,555.0152,554.91,5012
2024-12-02 12:33:00,555.005,554.938,555.01,554.8913,4018
2024-12-02 12:34:00,554.945,554.95,554.96,554.88,7307
2024-12-02 12:35:00,554.97,555.0522,555.0566,554.97,5466
2024-12-02 12:36:00,555.02,555.04,555.07,555.015,8841
2024-12-02 12:37:00,555.05,554.98,555.05,554.92,8986
2024-12-02 12:38:00,554.99,554.94,554.9918,554.94,2966
2024-12-02 12:39:00,554.94,554.94,554.955,554.8749,3472
2024-12-02 12:40:00,554.93,554.9097,554.97,554.89,6077
2024-12-02 12:41:00,554.95,554.95,554.9692,554.925,3594
2024-12-02 12:42:00,554.94,555.05,555.05,554.93,2473
2024-12-02 12:43:00,555.0683,555.0399,555.0683,555.01,5659
2024-12-02 12:44:00,555.065,555.0418,555.0899,555.0418,2790
2024-12-02 12:45:00,555.08,555.0899,555.0899,555.05,2637
2024-12-02 12:46:00,555.08,555.1,555.115,555.04,7821
2024-12-02 12:47:00,555.11,555.08,555.11,555.07,3489
2024-12-02 12:48:00,555.075,555.05,555.08,555.0299,5145
2024-12-02 12:49:00,555.05,555.06,555.09,555.05,4499
2024-12-02 12:50:00,555.07,555.0699,555.07,555.02,1915
2024-12-02 12:51:00,555.0701,555.0787,555.09,555.0701,3206
2024-12-02 12:52:00,555.1,555.12,555.14,555.1,3560
2024-12-02 12:53:00,555.105,555.08,555.1175,555.07,3823
2024-12-02 12:54:00,555.0501,555.1,555.1,555.05,14209
2024-12-02 12:55:00,555.11,555.1,555.125,555.1,3119
2024-12-02 12:56:00,555.115,555.105,555.115,555.075,2934
2024-12-02 12:57:00,555.09,555.114,555.114,555.09,2332
2024-12-02 12:58:00,555.0636,554.975,555.0636,554.96,5253
2024-12-02 12:59:00,554.96,554.92,554.96,554.91,3153
2024-12-02 13:00:00,554.8699,554.77,554.87,554.77,4076
2024-12-02 13:01:00,554.7997,554.8093,554.8298,554.791,5086
2024-12-02 13:02:00,554.8,554.805,554.809,554.76,4277
2024-12-02 13:03:00,554.86,554.94,554.96,554.845,3255
2024-12-02 13:04:00,554.9636,554.96,554.9777,554.95,3673
2024-12-02 13:05:00,554.9799,554.91,554.99,554.8964,3830
2024-12-02 13:06:00,554.86,554.93,554.93,554.85,3074
2024-12-02 13:07:00,554.96,554.92,554.96,554.91,2902
2024-12-02 13:08:00,554.93,554.9,554.93,554.8501,10109
2024-12-02 13:09:00,554.89,554.8499,554.895,554.845,3274
2024-12-02 13:10:00,554.87,554.8586,554.87,554.81,5011
2024-12-02 13:11:00,554.83,554.8,554.84,554.7801,6517
2024-12-02 13:12:00,554.82,554.895,554.895,554.81,4000
2024-12-02 13:13:00,554.88,554.9799,554.98,554.875,4417
2024-12-02 13:14:00,554.96,554.93,554.96,554.89,4824
2024-12-02 13:15:00,554.91,554.84,554.9101,554.84,3390
2024-12-02 13:16:00,554.7901,554.79,554.8393,554.78,3677
2024-12-02 13:17:00,554.78,554.745,554.79,554.745,5740
2024-12-02 13:18:00,554.77,554.8049,554.82,554.77,10047
2024-12-02 13:19:00,554.79,554.875,554.89,554.79,3120
2024-12-02 13:20:00,554.86,554.93,554.93,554.86,3449
2024-12-02 13:21:00,554.95,555.03,555.03,554.95,7424
2024-12-02 13:22:00,555.05,555.125,555.125,555.05,6011
2024-12-02 13:23:00,555.125,555.0631,555.14,555.0631,4920
2024-12-02 13:24:00,555.11,555.1287,555.1287,555.09,3567
2024-12-02 13:25:00,555.11,555.0525,555.11,555.0525,2992
2024-12-02 13:26:00,555.0506,555.09,555.11,555.0506,5722
2024-12-02 13:27:00,555.1,555.105,555.15,555.05,24196
2024-12-02 13:28:00,555.11,555.165,555.1791,555.11,2948
2024-12-02 13:29:00,555.16,555.0,555.16,555.0,5725
2024-12-02 13:30:00,554.9999,554.8201,554.9999,554.8,10570
2024-12-02 13:31:00,554.8478,554.8621,554.8772,554.8478,16142
2024-12-02 13:32:00,554.8501,554.753,554.87,554.741,5649
2024-12-02 13:33:00,554.7794,554.81,554.8468,554.7794,3829
2024-12-02 13:34:00,554.82,554.86,554.8717,554.82,2068
2024-12-02 13:35:00,554.87,554.74,554.8992,554.74,3335
2024-12-02 13:36:00,554.78,554.78,554.78,554.77,2418
2024-12-02 13:37:00,554.83,554.87,554.87,554.81,6910
2024-12-02 13:38:00,554.87,554.99,555.0,554.85,13265
2024-12-02 13:39:00,554.99,555.045,555.045,554.99,3996
2024-12-02 13:40:00,555.04,555.02,555.11,555.02,5524
2024-12-02 13:41:00,555.02,555.0,555.05,554.98,3649
2024-12-02 13:42:00,554.98,555.035,555.05,554.9714,3987
2024-12-02 13:43:00,555.02,554.97,555.03,554.9401,2797
2024-12-02 13:44:00,554.985,554.9612,555.0,554.94,5131
2024-12-02 13:45:00,554.9393,555.03,555.03,554.93,3604
2024-12-02 13:46:00,555.0099,555.045,555.045,554.9701,1586
2024-12-02 13:47:00,555.07,555.06,555.11,555.06,5583
2024-12-02 13:48:00,555.07,555.09,555.1,555.06,8100
2024-12-02 13:49:00,555.08,555.05,555.1199,555.05,3122
2024-12-02 13:50:00,555.09,555.08,555.09,555.04,3610
2024-12-02 13:51:00,555.09,555.04,555.1,555.03,3388
2024-12-02 13:52:00,555.06,555.1,555.1,555.035,3571
2024-12-02 13:53:00,555.0491,555.045,555.0499,555.04,2694
2024-12-02 13:54:00,555.05,555.075,555.075,555.02,3830
2024-12-02 13:55:00,555.0872,555.08,555.1,555.08,3341
2024-12-02 13:56:00,555.11,555.04,555.11,555.04,3475
2024-12-02 13:57:00,555.05,555.06,555.09,555.05,3337
2024-12-02 13:58:00,555.0587,555.1,555.1,555.0451,3522
2024-12-02 13:59:00,555.12,555.09,555.1374,555.07,5551
2024-12-02 14:00:00,555.08,555.0,555.08,554.99,5085
2024-12-02 14:01:00,555.01,554.98,555.02,554.951,4050
2024-12-02 14:02:00,555.0,554.88,555.0,554.87,6001
2024-12-02 14:03:00,554.87,554.89,554.91,554.87,3430
2024-12-02 14:04:00,554.9005,554.939,554.9796,554.9005,4018
2024-12-02 14:05:00,554.925,554.86,554.925,554.85,2675
2024-12-02 14:06:00,554.855,554.82,554.88,554.82,5494
2024-12-02 14:07:00,554.8201,554.88,554.88,554.82,5990
2024-12-02 14:08:00,554.92,554.89,554.95,554.89,6217
2024-12-02 14:09:00,554.88,554.9,554.94,554.88,2622
2024-12-02 14:10:00,554.8899,554.88,554.9,554.8648,2462
2024-12-02 14:11:00,554.86,554.77,554.8799,554.77,3887
2024-12-02 14:12:00,554.7586,554.78,554.8094,554.75,4452
2024-12-02 14:13:00,554.74,554.63,554.745,554.56,4812
2024-12-02 14:14:00,554.6136,554.52,554.6315,554.46,9531
2024-12-02 14:15:00,554.535,554.6186,554.69,554.535,5705
2024-12-02 14:16:00,554.62,554.49,554.63,554.49,3705
2024-12-02 14:17:00,554.66,554.6299,554.66,554.615,3637
2024-12-02 14:18:00,554.61,554.5793,554.61,554.579,2803
2024-12-02 14:19:00,554.5701,554.5699,554.605,554.55,3746
2024-12-02 14:20:00,554.56,554.54,554.5799,554.52,5352
2024-12-02 14:21:00,554.55,554.51,554.55,554.5024,7140
2024-12-02 14:22:00,554.51,554.515,554.53,554.465,4006
2024-12-02 14:23:00,554.47,554.495,554.53,554.4687,4630
2024-12-02 14:24:00,554.57,554.625,554.63,554.57,2763
2024-12-02 14:25:00,554.58,554.5836,554.5893,554.57,7151
2024-12-02 14:26:00,554.5892,554.51,554.5892,554.51,2553
2024-12-02 14:27:00,554.53,554.625,554.639,554.53,6081
2024-12-02 14:28:00,554.6297,554.71,554.72,554.6274,2484
2024-12-02 14:29:00,554.73,554.7697,554.77,554.71,4208
2024-12-02 14:30:00,554.75,554.7897,554.7897,554.73,6299
2024-12-02 14:31:00,554.79,554.92,554.92,554.79,3114
2024-12-02 14:32:00,554.935,554.95,554.995,554.935,3811
2024-12-02 14:33:00,554.88,554.84,554.92,554.825,5681
2024-12-02 14:34:00,554.8599,554.91,554.91,554.85,2090
2024-12-02 14:35:00,554.96,554.93,555.005,554.93,4935
2024-12-02 14:36:00,554.95,554.98,555.01,554.95,23617
2024-12-02 14:37:00,554.98,555.01,555.0299,554.9502,28124
2024-12-02 14:38:00,555.0007,554.9999,555.0018,554.9507,8932
2024-12-02 14:39:00,554.995,554.95,555.0,554.93,24511
2024-12-02 14:40:00,554.96,555.04,555.0488,554.9598,24262
2024-12-02 14:41:00,555.05,554.95,555.07,554.95,3685
2024-12-02 14:42:00,554.9478,555.0,555.0,554.9478,36608
2024-12-02 14:43:00,555.01,554.9892,555.02,554.9892,19018
2024-12-02 14:44:00,555.02,555.0201,555.03,554.99,15644
2024-12-02 14:45:00,555.02,555.02,555.06,555.02,65939
2024-12-02 14:46:00,555.0,554.995,555.0,554.955,10170
2024-12-02 14:47:00,554.98,554.96,554.99,554.955,3205
2024-12-02 14:48:00,554.94,554.9999,554.9999,554.92,3028
2024-12-02 14:49:00,554.985,554.9826,554.99,554.94,3056
2024-12-02 14:50:00,554.97,554.96,554.9766,554.9395,4553
2024-12-02 14:51:00,554.98,555.0005,555.01,554.95,3834
2024-12-02 14:52:00,555.0,555.02,555.02,554.983,5449
2024-12-02 14:53:00,555.0,554.99,555.009,554.99,4496
2024-12-02 14:54:00,555.01,555.05,555.075,555.0001,2859
2024-12-02 14:55:00,555.08,555.05,555.08,555.0301,4186
2024-12-02 14:56:00,555.049,555.0999,555.1,555.049,8339
2024-12-02 14:57:00,555.11,555.19,555.26,555.11,7498
2024-12-02 14:58:00,555.18,555.21,555.22,555.155,7799
2024-12-02 14:59:00,555.2399,555.23,555.26,555.2187,4277
2024-12-02 15:00:00,555.18,555.1601,555.23,555.16,5795
2024-12-02 15:01:00,555.1675,555.1407,555.19,555.1402,5903
2024-12-02 15:02:00,555.135,555.14,555.1751,555.11,5645
2024-12-02 15:03:00,555.18,555.16,555.18,555.1417,4048
2024-12-02 15:04:00,555.14,555.08,555.14,555.04,15292
2024-12-02 15:05:00,555.09,555.149,555.1499,555.09,8734
2024-12-02 15:06:00,555.13,555.1508,555.17,555.12,8429
2024-12-02 15:07:00,555.17,555.1482,555.18,555.11,4143
2024-12-02 15:08:00,555.1,555.03,555.1099,555.03,3796
2024-12-02 15:09:00,555.06,555.1,555.11,555.0101,17508
2024-12-02 15:10:00,555.09,555.135,555.135,555.09,2882
2024-12-02 15:11:00,555.14,555.1,555.15,555.095,3054
2024-12-02 15:12:00,555.155,555.205,555.205,555.1401,3376
2024-12-02 15:13:00,555.1983,555.26,555.27,555.1701,10392
2024-12-02 15:14:00,555.2663,555.25,555.339,555.2418,20125
2024-12-02 15:15:00,555.24,555.335,555.5,555.24,24726
2024-12-02 15:16:00,555.29,555.255,555.2998,555.255,8851
2024-12-02 15:17:00,555.27,555.3099,555.31,555.23,5358
2024-12-02 15:18:00,555.3,555.3779,555.3779,555.265,5772
2024-12-02 15:19:00,555.35,555.3,555.35,555.27,8107
2024-12-02 15:20:00,555.31,555.3301,555.39,555.31,4893
2024-12-02 15:21:00,555.35,555.4,555.47,555.35,231956
2024-12-02 15:22:00,555.395,555.41,555.4298,555.39,4631
2024-12-02 15:23:00,555.41,555.3602,555.42,555.35,38130
2024-12-02 15:24:00,555.36,555.3794,555.38,555.33,13118
2024-12-02 15:25:00,555.37,555.4175,555.45,555.35,21672
2024-12-02 15:26:00,555.413,555.395,555.42,555.39,9960
2024-12-02 15:27:00,555.43,555.44,555.46,555.3987,7678
2024-12-02 15:28:00,555.4784,555.5499,555.56,555.44,13583
2024-12-02 15:29:00,555.56,555.5499,555.57,555.535,4882
2024-12-02 15:30:00,555.5301,555.4018,555.5301,555.38,24022
2024-12-02 15:31:00,555.42,555.47,555.53,555.42,8375
2024-12-02 15:32:00,555.48,555.4042,555.48,555.4042,7749
2024-12-02 15:33:00,555.4499,555.42,555.46,555.414,55260
2024-12-02 15:34:00,555.41,555.46,555.475,555.39,8216
2024-12-02 15:35:00,555.44,555.435,555.44,555.41,7454
2024-12-02 15:36:00,555.415,555.4099,555.4399,555.38,29618
2024-12-02 15:37:00,555.37,555.4092,555.42,555.37,13113
2024-12-02 15:38:00,555.41,555.37,555.44,555.36,21721
2024-12-02 15:39:00,555.36,555.34,555.38,555.3,28820
2024-12-02 15:40:00,555.35,555.3,555.35,555.28,4840
2024-12-02 15:41:00,555.29,555.21,555.29,555.192,27228
2024-12-02 15:42:00,555.2001,555.24,555.24,555.19,7427
2024-12-02 15:43:00,555.2225,555.1199,555.36,555.055,21122
2024-12-02 15:44:00,555.1,555.03,555.1318,554.9,26234
2024-12-02 15:45:00,555.02,555.0418,555.0693,554.98,7001
2024-12-02 15:46:00,555.05,554.99,555.07,554.99,6919
2024-12-02 15:47:00,554.9201,555.075,555.08,554.9201,4748
2024-12-02 15:48:00,555.0774,555.0,555.08,554.85,13359
2024-12-02 15:49:00,554.95,555.0628,555.07,554.95,7334
2024-12-02 15:50:00,555.05,554.93,555.05,554.82,17530
2024-12-02 15:51:00,554.94,555.06,555.08,554.91,11346
2024-12-02 15:52:00,555.06,555.17,555.25,555.06,12605
2024-12-02 15:53:00,555.16,555.12,555.29,555.02,29858
2024-12-02 15:54:00,555.105,554.9563,555.18,554.9563,11997
2024-12-02 15:55:00,554.98,554.99,555.15,554.9399,16936
2024-12-02 15:56:00,554.98,554.99,554.99,554.89,10259
2024-12-02 15:57:00,554.97,555.005,555.005,554.88,25863
2024-12-02 15:58:00,555.0,555.0,555.13,554.95,63545
2024-12-02 15:59:00,555.035,554.98,555.14,554.82,74816
2024-12-02 16:00:00,554.95,555.04,555.04,554.93,2003
2024-12-02 16:01:00,555.0907,555.0907,555.0907,555.0907,269
2024-12-02 16:03:00,555.17,555.17,555.17,555.17,129
2024-12-02 16:04:00,555.15,555.15,555.15,555.15,168
2024-12-02 16:05:00,555.13,555.13,555.13,555.13,211
2024-12-02 16:08:00,555.33,555.33,555.33,555.33,475
2024-12-02 16:14:00,555.3694,555.38,555.38,555.3694,522
2024-12-02 16:17:00,555.36,555.37,555.37,555.36,738
2024-12-02 16:18:00,555.35,555.35,555.35,555.35,342
2024-12-02 16:19:00,555.29,555.29,555.29,555.29,204
2024-12-02 16:30:00,555.1498,555.1498,555.1498,555.1498,162
2024-12-02 16:41:00,555.24,555.24,555.24,555.24,191
2024-12-02 16:42:00,555.11,555.11,555.11,555.11,344
2024-12-02 16:43:00,555.1,555.1,555.1,555.1,333
2024-12-02 16:44:00,555.1,555.1,555.1,555.1,151
2024-12-02 16:47:00,555.13,555.13,555.13,555.13,119
2024-12-02 16:48:00,555.12,555.12,555.12,555.12,219
2024-12-02 16:55:00,555.18,555.18,555.18,555.18,259
2024-12-02 16:59:00,555.02,555.02,555.02,555.02,331
2024-12-02 17:05:00,555.1696,555.1696,555.1696,555.1696,218
2024-12-02 17:24:00,555.2196,555.2196,555.2196,555.2196,114
2024-12-02 17:49:00,555.1,555.1,555.1,555.1,611
2024-12-02 18:12:00,555.0,555.0,555.0,555.0,202
2024-12-02 18:27:00,555.2305,555.2305,555.2305,555.2305,203
2024-12-02 18:28:00,555.27,555.27,555.27,555.27,314
2024-12-02 18:51:00,555.13,555.13,555.13,555.13,520
2024-12-02 18:59:00,555.17,555.17,555.17,555.17,183
2024-12-02 19:02:00,555.2,555.2,555.2,555.2,118
2024-12-02 19:05:00,555.15,555.15,555.15,555.15,153
2024-12-02 19:07:00,555.06,555.06,555.06,555.06,129
2024-12-02 19:09:00,555.07,555.07,555.07,555.07,244
2024-12-02 19:18:00,555.2096,555.2096,555.2096,555.2096,154
2024-12-02 19:29:00,555.0386,555.0386,555.0386,555.0386,171
2024-12-02 19:39:00,555.0,555.0,555.0,555.0,519
